nodes,damage,failure_mode,seed,scenario_seed,method,feasible,repair_cost,steps,exact_cc,cog,ncog,optimum_hit,healthy_coverage,healthy_reliability,base_coverage,base_reliability,base_latency_ms,base_energy_mj,coverage,reliability,latency_ms,energy_mj
30,0.15,random,101,31601,CC-Exact,True,5.25,3,5.25,0.0,0.0,True,0.731404958677686,0.3037759160626566,0.6776859504132231,0.2917647112198541,42.7882351073051,0.2335014427443032,0.6942148760330579,0.6135664429604429,35.96961894082895,0.1719944915287153
30,0.15,random,101,31601,Greedy,True,5.25,3,5.25,0.0,0.0,True,0.731404958677686,0.3037759160626566,0.6776859504132231,0.2917647112198541,42.7882351073051,0.2335014427443032,0.6942148760330579,0.6135664429604429,35.96961894082895,0.1719944915287153
30,0.15,random,101,31601,GA,True,5.25,3,5.25,0.0,0.0,True,0.731404958677686,0.3037759160626566,0.6776859504132231,0.2917647112198541,42.7882351073051,0.2335014427443032,0.7045454545454546,0.6200735815813057,34.85298020020986,0.1662607261092514
30,0.15,random,101,31601,PSO,True,5.25,3,5.25,0.0,0.0,True,0.731404958677686,0.3037759160626566,0.6776859504132231,0.2917647112198541,42.7882351073051,0.2335014427443032,0.6942148760330579,0.6362218877499012,34.287789484309016,0.1631801346081899
30,0.15,random,101,31601,NSGA-II,True,5.25,3,5.25,0.0,0.0,True,0.731404958677686,0.3037759160626566,0.6776859504132231,0.2917647112198541,42.7882351073051,0.2335014427443032,0.6942148760330579,0.6362218877499012,34.287789484309016,0.1631801346081899
30,0.15,random,101,31601,Random,True,5.25,3,5.25,0.0,0.0,True,0.731404958677686,0.3037759160626566,0.6776859504132231,0.2917647112198541,42.7882351073051,0.2335014427443032,0.7045454545454546,0.6200735815813057,34.85298020020986,0.1662607261092514
30,0.15,random,202,31702,CC-Exact,True,4.8,2,4.8,0.0,0.0,True,0.7148760330578512,0.362797350527882,0.6694214876033058,0.3159428382800721,41.94200066019747,0.2611307567965124,0.6694214876033058,0.6065639437391732,31.770261969128946,0.161099524221715
30,0.15,random,202,31702,Greedy,True,5.1,4,4.8,0.2999999999999998,0.0624999999999999,False,0.7148760330578512,0.362797350527882,0.6694214876033058,0.3159428382800721,41.94200066019747,0.2611307567965124,0.7231404958677686,0.6000752396488499,43.58357350884198,0.1814053865616976
30,0.15,random,202,31702,GA,True,4.8,2,4.8,0.0,0.0,True,0.7148760330578512,0.362797350527882,0.6694214876033058,0.3159428382800721,41.94200066019747,0.2611307567965124,0.6694214876033058,0.6065639437391732,31.770261969128946,0.161099524221715
30,0.15,random,202,31702,PSO,True,5.1,4,4.8,0.2999999999999998,0.0624999999999999,False,0.7148760330578512,0.362797350527882,0.6694214876033058,0.3159428382800721,41.94200066019747,0.2611307567965124,0.731404958677686,0.600592841427406,44.39304365348906,0.1822223112639346
30,0.15,random,202,31702,NSGA-II,True,4.8,2,4.8,0.0,0.0,True,0.7148760330578512,0.362797350527882,0.6694214876033058,0.3159428382800721,41.94200066019747,0.2611307567965124,0.6694214876033058,0.6065639437391732,31.770261969128946,0.161099524221715
30,0.15,random,202,31702,Random,True,5.1,4,4.8,0.2999999999999998,0.0624999999999999,False,0.7148760330578512,0.362797350527882,0.6694214876033058,0.3159428382800721,41.94200066019747,0.2611307567965124,0.7231404958677686,0.6000752396488499,43.58357350884198,0.1814053865616976
30,0.15,random,303,31803,CC-Exact,True,7.65,4,7.65,0.0,0.0,True,0.6942148760330579,0.1560317471407537,0.6384297520661157,0.1384781870443558,48.15326345344754,0.2753336306146089,0.6549586776859504,0.6014911856996791,33.725586278289015,0.1777777731159741
30,0.15,random,303,31803,Greedy,True,7.65,4,7.65,0.0,0.0,True,0.6942148760330579,0.1560317471407537,0.6384297520661157,0.1384781870443558,48.15326345344754,0.2753336306146089,0.6549586776859504,0.6014911856996791,33.725586278289015,0.1777777731159741
30,0.15,random,303,31803,GA,True,7.65,4,7.65,0.0,0.0,True,0.6942148760330579,0.1560317471407537,0.6384297520661157,0.1384781870443558,48.15326345344754,0.2753336306146089,0.6756198347107438,0.6255855929170955,33.77117091456833,0.1754651839249582
30,0.15,random,303,31803,PSO,True,7.65,4,7.65,0.0,0.0,True,0.6942148760330579,0.1560317471407537,0.6384297520661157,0.1384781870443558,48.15326345344754,0.2753336306146089,0.6756198347107438,0.6255855929170955,33.77117091456833,0.1754651839249582
30,0.15,random,303,31803,NSGA-II,True,7.65,4,7.65,0.0,0.0,True,0.6942148760330579,0.1560317471407537,0.6384297520661157,0.1384781870443558,48.15326345344754,0.2753336306146089,0.6818181818181818,0.6084074954958639,34.37240432431143,0.1778256500409047
30,0.15,random,303,31803,Random,True,7.65,4,7.65,0.0,0.0,True,0.6942148760330579,0.1560317471407537,0.6384297520661157,0.1384781870443558,48.15326345344754,0.2753336306146089,0.6818181818181818,0.6084074954958639,34.37240432431143,0.1778256500409047
30,0.15,clustered,101,31601,CC-Exact,True,5.25,3,5.25,0.0,0.0,True,0.731404958677686,0.3037759160626566,0.6611570247933884,0.2926015758958514,42.7589448436452,0.233836038594522,0.6983471074380165,0.640453633292308,34.139678390324775,0.1674642522574495
30,0.15,clustered,101,31601,Greedy,True,5.25,3,5.25,0.0,0.0,True,0.731404958677686,0.3037759160626566,0.6611570247933884,0.2926015758958514,42.7589448436452,0.233836038594522,0.6983471074380165,0.640453633292308,34.139678390324775,0.1674642522574495
30,0.15,clustered,101,31601,GA,True,5.25,3,5.25,0.0,0.0,True,0.731404958677686,0.3037759160626566,0.6611570247933884,0.2926015758958514,42.7589448436452,0.233836038594522,0.6983471074380165,0.640453633292308,34.139678390324775,0.1674642522574495
30,0.15,clustered,101,31601,PSO,True,5.25,3,5.25,0.0,0.0,True,0.731404958677686,0.3037759160626566,0.6611570247933884,0.2926015758958514,42.7589448436452,0.233836038594522,0.6776859504132231,0.6382501809869124,34.21679922101362,0.1635023380195117
30,0.15,clustered,101,31601,NSGA-II,True,5.25,3,5.25,0.0,0.0,True,0.731404958677686,0.3037759160626566,0.6611570247933884,0.2926015758958514,42.7589448436452,0.233836038594522,0.6983471074380165,0.640453633292308,34.139678390324775,0.1674642522574495
30,0.15,clustered,101,31601,Random,True,5.25,3,5.25,0.0,0.0,True,0.731404958677686,0.3037759160626566,0.6611570247933884,0.2926015758958514,42.7589448436452,0.233836038594522,0.6983471074380165,0.640453633292308,34.139678390324775,0.1674642522574495
30,0.15,clustered,202,31702,CC-Exact,True,5.25,3,5.25,0.0,0.0,True,0.7148760330578512,0.362797350527882,0.6446280991735537,0.2708078434294379,43.52172547996968,0.2730466038133326,0.6880165289256198,0.6152208706929003,39.467269525748485,0.1861292632092814
30,0.15,clustered,202,31702,Greedy,True,6.35,5,5.25,1.0999999999999996,0.2095238095238094,False,0.7148760330578512,0.362797350527882,0.6446280991735537,0.2708078434294379,43.52172547996968,0.2730466038133326,0.7644628099173554,0.6081525195271938,46.11466181654821,0.179504736986278
30,0.15,clustered,202,31702,GA,True,5.25,3,5.25,0.0,0.0,True,0.7148760330578512,0.362797350527882,0.6446280991735537,0.2708078434294379,43.52172547996968,0.2730466038133326,0.6838842975206612,0.640668195788993,36.798835369607474,0.1743495419035943
30,0.15,clustered,202,31702,PSO,True,5.25,3,5.25,0.0,0.0,True,0.7148760330578512,0.362797350527882,0.6446280991735537,0.2708078434294379,43.52172547996968,0.2730466038133326,0.6838842975206612,0.640668195788993,36.798835369607474,0.1743495419035943
30,0.15,clustered,202,31702,NSGA-II,True,5.25,3,5.25,0.0,0.0,True,0.7148760330578512,0.362797350527882,0.6446280991735537,0.2708078434294379,43.52172547996968,0.2730466038133326,0.6880165289256198,0.6152208706929003,39.467269525748485,0.1861292632092814
30,0.15,clustered,202,31702,Random,True,5.25,3,5.25,0.0,0.0,True,0.7148760330578512,0.362797350527882,0.6446280991735537,0.2708078434294379,43.52172547996968,0.2730466038133326,0.6838842975206612,0.640668195788993,36.798835369607474,0.1743495419035943
30,0.15,clustered,303,31803,CC-Exact,False,,-1,,,,False,0.6942148760330579,0.1560317471407537,0.5950413223140496,0.1792024457994569,46.727914397019006,0.250752527046749,0.5950413223140496,0.1792024457994569,46.727914397019006,0.250752527046749
30,0.15,clustered,303,31803,Greedy,False,12.15,8,,,,False,0.6942148760330579,0.1560317471407537,0.5950413223140496,0.1792024457994569,46.727914397019006,0.250752527046749,0.6942148760330579,0.5962762418421381,34.452912180686454,0.1759916668168724
30,0.15,clustered,303,31803,GA,False,12.15,8,,,,False,0.6942148760330579,0.1560317471407537,0.5950413223140496,0.1792024457994569,46.727914397019006,0.250752527046749,0.6942148760330579,0.5962762418421381,34.452912180686454,0.1759916668168724
30,0.15,clustered,303,31803,PSO,False,12.15,8,,,,False,0.6942148760330579,0.1560317471407537,0.5950413223140496,0.1792024457994569,46.727914397019006,0.250752527046749,0.6942148760330579,0.5962762418421381,34.452912180686454,0.1759916668168724
30,0.15,clustered,303,31803,NSGA-II,False,12.15,8,,,,False,0.6942148760330579,0.1560317471407537,0.5950413223140496,0.1792024457994569,46.727914397019006,0.250752527046749,0.6942148760330579,0.5962762418421381,34.452912180686454,0.1759916668168724
30,0.15,clustered,303,31803,Random,False,11.15,7,,,,False,0.6942148760330579,0.1560317471407537,0.5950413223140496,0.1792024457994569,46.727914397019006,0.250752527046749,0.6900826446280992,0.5915290243013073,34.69648414945424,0.1771088379974751
30,0.15,gateway-near,101,31601,CC-Exact,True,6.5,4,6.5,0.0,0.0,True,0.731404958677686,0.3037759160626566,0.6859504132231405,0.1988654032266266,46.03971088706806,0.2512244769338324,0.71900826446281,0.6050147694468498,39.53876878364597,0.1742650659368083
30,0.15,gateway-near,101,31601,Greedy,True,6.5,4,6.5,0.0,0.0,True,0.731404958677686,0.3037759160626566,0.6859504132231405,0.1988654032266266,46.03971088706806,0.2512244769338324,0.7293388429752066,0.6227337505629947,39.77574730172375,0.1714107166152912
30,0.15,gateway-near,101,31601,GA,True,6.5,4,6.5,0.0,0.0,True,0.731404958677686,0.3037759160626566,0.6859504132231405,0.1988654032266266,46.03971088706806,0.2512244769338324,0.71900826446281,0.6050147694468498,39.53876878364597,0.1742650659368083
30,0.15,gateway-near,101,31601,PSO,True,6.5,4,6.5,0.0,0.0,True,0.731404958677686,0.3037759160626566,0.6859504132231405,0.1988654032266266,46.03971088706806,0.2512244769338324,0.7293388429752066,0.6227337505629947,39.77574730172375,0.1714107166152912
30,0.15,gateway-near,101,31601,NSGA-II,True,6.5,4,6.5,0.0,0.0,True,0.731404958677686,0.3037759160626566,0.6859504132231405,0.1988654032266266,46.03971088706806,0.2512244769338324,0.7293388429752066,0.6227337505629947,39.77574730172375,0.1714107166152912
30,0.15,gateway-near,101,31601,Random,True,6.5,4,6.5,0.0,0.0,True,0.731404958677686,0.3037759160626566,0.6859504132231405,0.1988654032266266,46.03971088706806,0.2512244769338324,0.71900826446281,0.6050147694468498,39.53876878364597,0.1742650659368083
30,0.15,gateway-near,202,31702,CC-Exact,True,4.9,3,4.9,0.0,0.0,True,0.7148760330578512,0.362797350527882,0.6838842975206612,0.268053885138686,43.61811402014599,0.2737528464203073,0.731404958677686,0.6151064994085338,40.04270109212989,0.1653857113382804
30,0.15,gateway-near,202,31702,Greedy,True,5.1,4,4.9,0.1999999999999993,0.040816326530612,False,0.7148760330578512,0.362797350527882,0.6838842975206612,0.268053885138686,43.61811402014599,0.2737528464203073,0.7582644628099173,0.6116512283329809,43.178413904897376,0.1911598887535381
30,0.15,gateway-near,202,31702,GA,True,5.25,3,4.9,0.3499999999999996,0.0714285714285713,False,0.7148760330578512,0.362797350527882,0.6838842975206612,0.268053885138686,43.61811402014599,0.2737528464203073,0.71900826446281,0.6693401023849991,34.90642974985837,0.178945659169672
30,0.15,gateway-near,202,31702,PSO,True,5.1,4,4.9,0.1999999999999993,0.040816326530612,False,0.7148760330578512,0.362797350527882,0.6838842975206612,0.268053885138686,43.61811402014599,0.2737528464203073,0.7582644628099173,0.6116512283329809,43.178413904897376,0.1911598887535381
30,0.15,gateway-near,202,31702,NSGA-II,True,4.9,3,4.9,0.0,0.0,True,0.7148760330578512,0.362797350527882,0.6838842975206612,0.268053885138686,43.61811402014599,0.2737528464203073,0.731404958677686,0.6151064994085338,40.04270109212989,0.1653857113382804
30,0.15,gateway-near,202,31702,Random,True,4.9,3,4.9,0.0,0.0,True,0.7148760330578512,0.362797350527882,0.6838842975206612,0.268053885138686,43.61811402014599,0.2737528464203073,0.731404958677686,0.6151064994085338,40.04270109212989,0.1653857113382804
30,0.15,gateway-near,303,31803,CC-Exact,True,9.9,6,9.9,0.0,0.0,True,0.6942148760330579,0.1560317471407537,0.6012396694214877,0.054719617709105,51.08481338018133,0.2897483029481176,0.6632231404958677,0.6001911759742569,37.78641228917687,0.1791698261483047
30,0.15,gateway-near,303,31803,Greedy,True,9.9,6,9.9,0.0,0.0,True,0.6942148760330579,0.1560317471407537,0.6012396694214877,0.054719617709105,51.08481338018133,0.2897483029481176,0.6632231404958677,0.6001911759742569,37.78641228917687,0.1791698261483047
30,0.15,gateway-near,303,31803,GA,True,9.9,6,9.9,0.0,0.0,True,0.6942148760330579,0.1560317471407537,0.6012396694214877,0.054719617709105,51.08481338018133,0.2897483029481176,0.6632231404958677,0.6001911759742569,37.78641228917687,0.1791698261483047
30,0.15,gateway-near,303,31803,PSO,True,9.9,6,9.9,0.0,0.0,True,0.6942148760330579,0.1560317471407537,0.6012396694214877,0.054719617709105,51.08481338018133,0.2897483029481176,0.6632231404958677,0.6001911759742569,37.78641228917687,0.1791698261483047
30,0.15,gateway-near,303,31803,NSGA-II,True,9.9,6,9.9,0.0,0.0,True,0.6942148760330579,0.1560317471407537,0.6012396694214877,0.054719617709105,51.08481338018133,0.2897483029481176,0.6632231404958677,0.6001911759742569,37.78641228917687,0.1791698261483047
30,0.15,gateway-near,303,31803,Random,True,9.9,6,9.9,0.0,0.0,True,0.6942148760330579,0.1560317471407537,0.6012396694214877,0.054719617709105,51.08481338018133,0.2897483029481176,0.6632231404958677,0.6001911759742569,37.78641228917687,0.1791698261483047
30,0.15,peripheral,101,31601,CC-Exact,True,5.25,3,5.25,0.0,0.0,True,0.731404958677686,0.3037759160626566,0.6446280991735537,0.3503688853670249,40.73708901215412,0.2022211967781446,0.6611570247933884,0.6178870111730002,35.81839905338944,0.1629444485201389
30,0.15,peripheral,101,31601,Greedy,True,5.25,3,5.25,0.0,0.0,True,0.731404958677686,0.3037759160626566,0.6446280991735537,0.3503688853670249,40.73708901215412,0.2022211967781446,0.6611570247933884,0.6178870111730002,35.81839905338944,0.1629444485201389
30,0.15,peripheral,101,31601,GA,True,5.25,3,5.25,0.0,0.0,True,0.731404958677686,0.3037759160626566,0.6446280991735537,0.3503688853670249,40.73708901215412,0.2022211967781446,0.6611570247933884,0.6116325833104231,34.25952625080186,0.1615255830732765
30,0.15,peripheral,101,31601,PSO,True,5.25,3,5.25,0.0,0.0,True,0.731404958677686,0.3037759160626566,0.6446280991735537,0.3503688853670249,40.73708901215412,0.2022211967781446,0.6611570247933884,0.6165715181431181,33.19777464276864,0.1609327478742142
30,0.15,peripheral,101,31601,NSGA-II,True,5.25,3,5.25,0.0,0.0,True,0.731404958677686,0.3037759160626566,0.6446280991735537,0.3503688853670249,40.73708901215412,0.2022211967781446,0.6611570247933884,0.6165715181431181,33.19777464276864,0.1609327478742142
30,0.15,peripheral,101,31601,Random,True,5.25,3,5.25,0.0,0.0,True,0.731404958677686,0.3037759160626566,0.6446280991735537,0.3503688853670249,40.73708901215412,0.2022211967781446,0.6611570247933884,0.6116325833104231,34.25952625080186,0.1615255830732765
30,0.15,peripheral,202,31702,CC-Exact,True,3.65,2,3.65,0.0,0.0,True,0.7148760330578512,0.362797350527882,0.6198347107438017,0.4185927570706841,38.34925350252605,0.2109613733052698,0.6466942148760331,0.6030033854654421,33.67265928648731,0.157309934011549
30,0.15,peripheral,202,31702,Greedy,True,3.65,2,3.65,0.0,0.0,True,0.7148760330578512,0.362797350527882,0.6198347107438017,0.4185927570706841,38.34925350252605,0.2109613733052698,0.6466942148760331,0.6030033854654421,33.67265928648731,0.157309934011549
30,0.15,peripheral,202,31702,GA,True,3.65,2,3.65,0.0,0.0,True,0.7148760330578512,0.362797350527882,0.6198347107438017,0.4185927570706841,38.34925350252605,0.2109613733052698,0.6466942148760331,0.6030033854654421,33.67265928648731,0.157309934011549
30,0.15,peripheral,202,31702,PSO,True,3.65,2,3.65,0.0,0.0,True,0.7148760330578512,0.362797350527882,0.6198347107438017,0.4185927570706841,38.34925350252605,0.2109613733052698,0.6363636363636364,0.6051007847684886,33.59925031088068,0.1570334264769348
30,0.15,peripheral,202,31702,NSGA-II,True,3.65,2,3.65,0.0,0.0,True,0.7148760330578512,0.362797350527882,0.6198347107438017,0.4185927570706841,38.34925350252605,0.2109613733052698,0.6466942148760331,0.6030033854654421,33.67265928648731,0.157309934011549
30,0.15,peripheral,202,31702,Random,True,3.65,2,3.65,0.0,0.0,True,0.7148760330578512,0.362797350527882,0.6198347107438017,0.4185927570706841,38.34925350252605,0.2109613733052698,0.6363636363636364,0.6051007847684886,33.59925031088068,0.1570334264769348
30,0.15,peripheral,303,31803,CC-Exact,True,6.5,4,6.5,0.0,0.0,True,0.6942148760330579,0.1560317471407537,0.6157024793388429,0.1799962569466894,46.70013100686587,0.2342893367435025,0.6590909090909091,0.6110411072415515,40.18498981797427,0.1631793426549825
30,0.15,peripheral,303,31803,Greedy,True,6.5,4,6.5,0.0,0.0,True,0.6942148760330579,0.1560317471407537,0.6157024793388429,0.1799962569466894,46.70013100686587,0.2342893367435025,0.6590909090909091,0.6110411072415515,40.18498981797427,0.1631793426549825
30,0.15,peripheral,303,31803,GA,True,7.4,4,6.5,0.9000000000000004,0.1384615384615385,False,0.6942148760330579,0.1560317471407537,0.6157024793388429,0.1799962569466894,46.70013100686587,0.2342893367435025,0.6487603305785123,0.6023803513887722,31.91668770139297,0.161030923520878
30,0.15,peripheral,303,31803,PSO,True,6.5,4,6.5,0.0,0.0,True,0.6942148760330579,0.1560317471407537,0.6157024793388429,0.1799962569466894,46.70013100686587,0.2342893367435025,0.6590909090909091,0.6110411072415515,40.18498981797427,0.1631793426549825
30,0.15,peripheral,303,31803,NSGA-II,True,6.5,4,6.5,0.0,0.0,True,0.6942148760330579,0.1560317471407537,0.6157024793388429,0.1799962569466894,46.70013100686587,0.2342893367435025,0.6590909090909091,0.6110411072415515,40.18498981797427,0.1631793426549825
30,0.15,peripheral,303,31803,Random,True,6.5,4,6.5,0.0,0.0,True,0.6942148760330579,0.1560317471407537,0.6157024793388429,0.1799962569466894,46.70013100686587,0.2342893367435025,0.6590909090909091,0.6110411072415515,40.18498981797427,0.1631793426549825
30,0.15,coverage-critical,101,31601,CC-Exact,True,4.0,2,4.0,0.0,0.0,True,0.731404958677686,0.3037759160626566,0.6074380165289256,0.3280766890463264,41.51731588337857,0.2205982436873696,0.6074380165289256,0.6109936120776249,31.61522357728313,0.1652157220351265
30,0.15,coverage-critical,101,31601,Greedy,True,4.0,2,4.0,0.0,0.0,True,0.731404958677686,0.3037759160626566,0.6074380165289256,0.3280766890463264,41.51731588337857,0.2205982436873696,0.6074380165289256,0.6109936120776249,31.61522357728313,0.1652157220351265
30,0.15,coverage-critical,101,31601,GA,True,4.0,2,4.0,0.0,0.0,True,0.731404958677686,0.3037759160626566,0.6074380165289256,0.3280766890463264,41.51731588337857,0.2205982436873696,0.6074380165289256,0.6109936120776249,31.61522357728313,0.1652157220351265
30,0.15,coverage-critical,101,31601,PSO,True,4.0,2,4.0,0.0,0.0,True,0.731404958677686,0.3037759160626566,0.6074380165289256,0.3280766890463264,41.51731588337857,0.2205982436873696,0.6074380165289256,0.6109936120776249,31.61522357728313,0.1652157220351265
30,0.15,coverage-critical,101,31601,NSGA-II,True,4.0,2,4.0,0.0,0.0,True,0.731404958677686,0.3037759160626566,0.6074380165289256,0.3280766890463264,41.51731588337857,0.2205982436873696,0.6074380165289256,0.6109936120776249,31.61522357728313,0.1652157220351265
30,0.15,coverage-critical,101,31601,Random,True,5.25,3,4.0,1.25,0.3125,False,0.731404958677686,0.3037759160626566,0.6074380165289256,0.3280766890463264,41.51731588337857,0.2205982436873696,0.6446280991735537,0.625555346434376,32.88334065257462,0.1634737318971772
30,0.15,coverage-critical,202,31702,CC-Exact,True,5.0,3,5.0,0.0,0.0,True,0.7148760330578512,0.362797350527882,0.5640495867768595,0.4128882063442314,38.5489127779519,0.2418986070439223,0.6012396694214877,0.6547018248772575,30.085436129295974,0.1838526547415103
30,0.15,coverage-critical,202,31702,Greedy,True,5.9,4,5.0,0.9000000000000004,0.18,False,0.7148760330578512,0.362797350527882,0.5640495867768595,0.4128882063442314,38.5489127779519,0.2418986070439223,0.6342975206611571,0.6093815673260413,34.98198997117477,0.1778589178246716
30,0.15,coverage-critical,202,31702,GA,True,5.0,3,5.0,0.0,0.0,True,0.7148760330578512,0.362797350527882,0.5640495867768595,0.4128882063442314,38.5489127779519,0.2418986070439223,0.6012396694214877,0.6547018248772575,30.085436129295974,0.1838526547415103
30,0.15,coverage-critical,202,31702,PSO,True,5.0,3,5.0,0.0,0.0,True,0.7148760330578512,0.362797350527882,0.5640495867768595,0.4128882063442314,38.5489127779519,0.2418986070439223,0.6012396694214877,0.6362410847986998,30.731562032045503,0.1863635453115993
30,0.15,coverage-critical,202,31702,NSGA-II,True,5.0,3,5.0,0.0,0.0,True,0.7148760330578512,0.362797350527882,0.5640495867768595,0.4128882063442314,38.5489127779519,0.2418986070439223,0.6012396694214877,0.6362410847986998,30.731562032045503,0.1863635453115993
30,0.15,coverage-critical,202,31702,Random,True,5.0,3,5.0,0.0,0.0,True,0.7148760330578512,0.362797350527882,0.5640495867768595,0.4128882063442314,38.5489127779519,0.2418986070439223,0.6012396694214877,0.6362410847986998,30.731562032045503,0.1863635453115993
30,0.15,coverage-critical,303,31803,CC-Exact,True,8.65,5,8.65,0.0,0.0,True,0.6942148760330579,0.1560317471407537,0.5557851239669421,0.1425132602369875,48.01203589170544,0.2644547083587386,0.6136363636363636,0.6104243330385201,34.206576915080376,0.1753403353326099
30,0.15,coverage-critical,303,31803,Greedy,True,8.65,5,8.65,0.0,0.0,True,0.6942148760330579,0.1560317471407537,0.5557851239669421,0.1425132602369875,48.01203589170544,0.2644547083587386,0.6136363636363636,0.6104243330385201,34.206576915080376,0.1753403353326099
30,0.15,coverage-critical,303,31803,GA,True,8.65,5,8.65,0.0,0.0,True,0.6942148760330579,0.1560317471407537,0.5557851239669421,0.1425132602369875,48.01203589170544,0.2644547083587386,0.6136363636363636,0.6104243330385201,34.206576915080376,0.1753403353326099
30,0.15,coverage-critical,303,31803,PSO,True,8.65,5,8.65,0.0,0.0,True,0.6942148760330579,0.1560317471407537,0.5557851239669421,0.1425132602369875,48.01203589170544,0.2644547083587386,0.6239669421487604,0.6098599954072036,34.22632873217645,0.1759715162953052
30,0.15,coverage-critical,303,31803,NSGA-II,True,8.65,5,8.65,0.0,0.0,True,0.6942148760330579,0.1560317471407537,0.5557851239669421,0.1425132602369875,48.01203589170544,0.2644547083587386,0.6136363636363636,0.6104243330385201,34.206576915080376,0.1753403353326099
30,0.15,coverage-critical,303,31803,Random,True,8.65,5,8.65,0.0,0.0,True,0.6942148760330579,0.1560317471407537,0.5557851239669421,0.1425132602369875,48.01203589170544,0.2644547083587386,0.6239669421487604,0.6098599954072036,34.22632873217645,0.1759715162953052
30,0.3,random,101,33101,CC-Exact,True,5.8,3,5.8,0.0,0.0,True,0.7045454545454546,0.2256439178397276,0.5909090909090909,0.1872597739852437,46.44590791051647,0.2430830070961467,0.6198347107438017,0.6018977312690474,31.933579405583338,0.1501099380597912
30,0.3,random,101,33101,Greedy,True,5.8,3,5.8,0.0,0.0,True,0.7045454545454546,0.2256439178397276,0.5909090909090909,0.1872597739852437,46.44590791051647,0.2430830070961467,0.6198347107438017,0.6018977312690474,31.933579405583338,0.1501099380597912
30,0.3,random,101,33101,GA,True,5.8,3,5.8,0.0,0.0,True,0.7045454545454546,0.2256439178397276,0.5909090909090909,0.1872597739852437,46.44590791051647,0.2430830070961467,0.6198347107438017,0.6018977312690474,31.933579405583338,0.1501099380597912
30,0.3,random,101,33101,PSO,True,5.8,3,5.8,0.0,0.0,True,0.7045454545454546,0.2256439178397276,0.5909090909090909,0.1872597739852437,46.44590791051647,0.2430830070961467,0.6198347107438017,0.6018977312690474,31.933579405583338,0.1501099380597912
30,0.3,random,101,33101,NSGA-II,True,5.8,3,5.8,0.0,0.0,True,0.7045454545454546,0.2256439178397276,0.5909090909090909,0.1872597739852437,46.44590791051647,0.2430830070961467,0.6198347107438017,0.6018977312690474,31.933579405583338,0.1501099380597912
30,0.3,random,101,33101,Random,True,6.05,3,5.8,0.25,0.043103448275862,False,0.7045454545454546,0.2256439178397276,0.5909090909090909,0.1872597739852437,46.44590791051647,0.2430830070961467,0.6177685950413223,0.6070354430921875,32.84466858268252,0.1496007767935115
30,0.3,random,202,33202,CC-Exact,True,9.9,6,9.9,0.0,0.0,True,0.7066115702479339,0.2144269405235177,0.5351239669421488,0.1934148796650112,46.23047921172461,0.235231652960175,0.6012396694214877,0.6146536506672534,34.48712222664613,0.1666798048417547
30,0.3,random,202,33202,Greedy,True,9.9,6,9.9,0.0,0.0,True,0.7066115702479339,0.2144269405235177,0.5351239669421488,0.1934148796650112,46.23047921172461,0.235231652960175,0.6012396694214877,0.6146536506672534,34.48712222664613,0.1666798048417547
30,0.3,random,202,33202,GA,True,9.9,6,9.9,0.0,0.0,True,0.7066115702479339,0.2144269405235177,0.5351239669421488,0.1934148796650112,46.23047921172461,0.235231652960175,0.6012396694214877,0.6146536506672534,34.48712222664613,0.1666798048417547
30,0.3,random,202,33202,PSO,True,9.9,6,9.9,0.0,0.0,True,0.7066115702479339,0.2144269405235177,0.5351239669421488,0.1934148796650112,46.23047921172461,0.235231652960175,0.6012396694214877,0.6146536506672534,34.48712222664613,0.1666798048417547
30,0.3,random,202,33202,NSGA-II,True,9.9,6,9.9,0.0,0.0,True,0.7066115702479339,0.2144269405235177,0.5351239669421488,0.1934148796650112,46.23047921172461,0.235231652960175,0.6012396694214877,0.6146536506672534,34.48712222664613,0.1666798048417547
30,0.3,random,202,33202,Random,True,10.9,7,9.9,1.0,0.101010101010101,False,0.7066115702479339,0.2144269405235177,0.5351239669421488,0.1934148796650112,46.23047921172461,0.235231652960175,0.6012396694214877,0.6220245605077623,33.14914038222832,0.1649955030524445
30,0.3,random,303,33303,CC-Exact,True,6.5,4,6.5,0.0,0.0,True,0.6921487603305785,0.2490780296894913,0.5454545454545454,0.2423770787320618,44.51680224437784,0.2504938211200118,0.6074380165289256,0.6025965945893552,38.169988754589966,0.1682328456917674
30,0.3,random,303,33303,Greedy,True,6.5,4,6.5,0.0,0.0,True,0.6921487603305785,0.2490780296894913,0.5454545454545454,0.2423770787320618,44.51680224437784,0.2504938211200118,0.6157024793388429,0.6411790411306837,37.86308138651303,0.1640653481045724
30,0.3,random,303,33303,GA,True,6.5,4,6.5,0.0,0.0,True,0.6921487603305785,0.2490780296894913,0.5454545454545454,0.2423770787320618,44.51680224437784,0.2504938211200118,0.6074380165289256,0.6025965945893552,38.169988754589966,0.1682328456917674
30,0.3,random,303,33303,PSO,True,6.5,4,6.5,0.0,0.0,True,0.6921487603305785,0.2490780296894913,0.5454545454545454,0.2423770787320618,44.51680224437784,0.2504938211200118,0.6157024793388429,0.6411790411306837,37.86308138651303,0.1640653481045724
30,0.3,random,303,33303,NSGA-II,True,6.5,4,6.5,0.0,0.0,True,0.6921487603305785,0.2490780296894913,0.5454545454545454,0.2423770787320618,44.51680224437784,0.2504938211200118,0.6157024793388429,0.6411790411306837,37.86308138651303,0.1640653481045724
30,0.3,random,303,33303,Random,True,6.5,4,6.5,0.0,0.0,True,0.6921487603305785,0.2490780296894913,0.5454545454545454,0.2423770787320618,44.51680224437784,0.2504938211200118,0.6074380165289256,0.6025965945893552,38.169988754589966,0.1682328456917674
30,0.3,clustered,101,33101,CC-Exact,True,7.25,5,7.25,0.0,0.0,True,0.7045454545454546,0.2256439178397276,0.5041322314049587,0.2620702897159049,43.82753985994333,0.2347091779837101,0.6033057851239669,0.6073274294778243,34.743539968276146,0.1856119976040739
30,0.3,clustered,101,33101,Greedy,True,9.75,7,7.25,2.5,0.3448275862068966,False,0.7045454545454546,0.2256439178397276,0.5041322314049587,0.2620702897159049,43.82753985994333,0.2347091779837101,0.6239669421487604,0.648070872133004,36.77905793688332,0.1715913658673788
30,0.3,clustered,101,33101,GA,True,7.25,5,7.25,0.0,0.0,True,0.7045454545454546,0.2256439178397276,0.5041322314049587,0.2620702897159049,43.82753985994333,0.2347091779837101,0.6033057851239669,0.6073274294778243,34.743539968276146,0.1856119976040739
30,0.3,clustered,101,33101,PSO,True,7.25,5,7.25,0.0,0.0,True,0.7045454545454546,0.2256439178397276,0.5041322314049587,0.2620702897159049,43.82753985994333,0.2347091779837101,0.6033057851239669,0.6073274294778243,34.743539968276146,0.1856119976040739
30,0.3,clustered,101,33101,NSGA-II,True,7.25,5,7.25,0.0,0.0,True,0.7045454545454546,0.2256439178397276,0.5041322314049587,0.2620702897159049,43.82753985994333,0.2347091779837101,0.6033057851239669,0.6073274294778243,34.743539968276146,0.1856119976040739
30,0.3,clustered,101,33101,Random,True,7.25,5,7.25,0.0,0.0,True,0.7045454545454546,0.2256439178397276,0.5041322314049587,0.2620702897159049,43.82753985994333,0.2347091779837101,0.6033057851239669,0.6073274294778243,34.743539968276146,0.1856119976040739
30,0.3,clustered,202,33202,CC-Exact,True,12.15,8,12.15,0.0,0.0,True,0.7066115702479339,0.2144269405235177,0.5289256198347108,0.198285190358899,46.060018337438535,0.2534131063863755,0.6694214876033058,0.6046773690446334,34.6055228526686,0.1796148508462333
30,0.3,clustered,202,33202,Greedy,True,12.15,8,12.15,0.0,0.0,True,0.7066115702479339,0.2144269405235177,0.5289256198347108,0.198285190358899,46.060018337438535,0.2534131063863755,0.6694214876033058,0.6046773690446334,34.6055228526686,0.1796148508462333
30,0.3,clustered,202,33202,GA,True,12.15,8,12.15,0.0,0.0,True,0.7066115702479339,0.2144269405235177,0.5289256198347108,0.198285190358899,46.060018337438535,0.2534131063863755,0.6694214876033058,0.6046773690446334,34.6055228526686,0.1796148508462333
30,0.3,clustered,202,33202,PSO,True,12.15,8,12.15,0.0,0.0,True,0.7066115702479339,0.2144269405235177,0.5289256198347108,0.198285190358899,46.060018337438535,0.2534131063863755,0.6694214876033058,0.6046773690446334,34.6055228526686,0.1796148508462333
30,0.3,clustered,202,33202,NSGA-II,False,9.75,7,12.15,,,False,0.7066115702479339,0.2144269405235177,0.5289256198347108,0.198285190358899,46.060018337438535,0.2534131063863755,0.6694214876033058,0.5935282860572086,36.84189460338232,0.1854459908436743
30,0.3,clustered,202,33202,Random,False,9.75,7,12.15,,,False,0.7066115702479339,0.2144269405235177,0.5289256198347108,0.198285190358899,46.060018337438535,0.2534131063863755,0.6694214876033058,0.5935282860572086,36.84189460338232,0.1854459908436743
30,0.3,clustered,303,33303,CC-Exact,True,5.25,3,5.25,0.0,0.0,True,0.6921487603305785,0.2490780296894913,0.5867768595041323,0.2094862962905764,45.66797962982983,0.2619110684764426,0.6136363636363636,0.610520313000986,40.35906177223822,0.1717931145551991
30,0.3,clustered,303,33303,Greedy,True,6.05,3,5.25,0.7999999999999998,0.1523809523809523,False,0.6921487603305785,0.2490780296894913,0.5867768595041323,0.2094862962905764,45.66797962982983,0.2619110684764426,0.6136363636363636,0.6292969479331391,34.24733409506741,0.1470656141786033
30,0.3,clustered,303,33303,GA,True,5.25,3,5.25,0.0,0.0,True,0.6921487603305785,0.2490780296894913,0.5867768595041323,0.2094862962905764,45.66797962982983,0.2619110684764426,0.6136363636363636,0.610520313000986,40.35906177223822,0.1717931145551991
30,0.3,clustered,303,33303,PSO,True,5.25,3,5.25,0.0,0.0,True,0.6921487603305785,0.2490780296894913,0.5867768595041323,0.2094862962905764,45.66797962982983,0.2619110684764426,0.6136363636363636,0.610520313000986,40.35906177223822,0.1717931145551991
30,0.3,clustered,303,33303,NSGA-II,True,5.25,3,5.25,0.0,0.0,True,0.6921487603305785,0.2490780296894913,0.5867768595041323,0.2094862962905764,45.66797962982983,0.2619110684764426,0.6136363636363636,0.610520313000986,40.35906177223822,0.1717931145551991
30,0.3,clustered,303,33303,Random,True,5.25,3,5.25,0.0,0.0,True,0.6921487603305785,0.2490780296894913,0.5867768595041323,0.2094862962905764,45.66797962982983,0.2619110684764426,0.6136363636363636,0.610520313000986,40.35906177223822,0.1717931145551991
30,0.3,gateway-near,101,33101,CC-Exact,True,8.9,5,8.9,0.0,0.0,True,0.7045454545454546,0.2256439178397276,0.5247933884297521,0.0236447371432414,52.17243419998655,0.296087581898455,0.6033057851239669,0.6598827965890377,37.20844994547064,0.1654561832793442
30,0.3,gateway-near,101,33101,Greedy,True,9.65,6,8.9,0.75,0.0842696629213483,False,0.7045454545454546,0.2256439178397276,0.5247933884297521,0.0236447371432414,52.17243419998655,0.296087581898455,0.6157024793388429,0.6702086945873974,33.54269568944108,0.1636973279261392
30,0.3,gateway-near,101,33101,GA,True,8.9,5,8.9,0.0,0.0,True,0.7045454545454546,0.2256439178397276,0.5247933884297521,0.0236447371432414,52.17243419998655,0.296087581898455,0.6033057851239669,0.6598827965890377,37.20844994547064,0.1654561832793442
30,0.3,gateway-near,101,33101,PSO,True,8.9,5,8.9,0.0,0.0,True,0.7045454545454546,0.2256439178397276,0.5247933884297521,0.0236447371432414,52.17243419998655,0.296087581898455,0.6033057851239669,0.6598827965890377,37.20844994547064,0.1654561832793442
30,0.3,gateway-near,101,33101,NSGA-II,True,8.9,5,8.9,0.0,0.0,True,0.7045454545454546,0.2256439178397276,0.5247933884297521,0.0236447371432414,52.17243419998655,0.296087581898455,0.6033057851239669,0.6598827965890377,37.20844994547064,0.1654561832793442
30,0.3,gateway-near,101,33101,Random,True,9.65,6,8.9,0.75,0.0842696629213483,False,0.7045454545454546,0.2256439178397276,0.5247933884297521,0.0236447371432414,52.17243419998655,0.296087581898455,0.609504132231405,0.6768551361617045,32.310070234340344,0.1608428752482379
30,0.3,gateway-near,202,33202,CC-Exact,True,10.9,7,10.9,0.0,0.0,True,0.7066115702479339,0.2144269405235177,0.5495867768595041,0.0438806691110926,51.46417658111176,0.2986630094874598,0.6735537190082644,0.602354604473827,43.43758884341605,0.1828774536983833
30,0.3,gateway-near,202,33202,Greedy,True,10.9,7,10.9,0.0,0.0,True,0.7066115702479339,0.2144269405235177,0.5495867768595041,0.0438806691110926,51.46417658111176,0.2986630094874598,0.6735537190082644,0.602354604473827,43.43758884341605,0.1828774536983833
30,0.3,gateway-near,202,33202,GA,True,10.9,7,10.9,0.0,0.0,True,0.7066115702479339,0.2144269405235177,0.5495867768595041,0.0438806691110926,51.46417658111176,0.2986630094874598,0.6735537190082644,0.602354604473827,43.43758884341605,0.1828774536983833
30,0.3,gateway-near,202,33202,PSO,True,10.9,7,10.9,0.0,0.0,True,0.7066115702479339,0.2144269405235177,0.5495867768595041,0.0438806691110926,51.46417658111176,0.2986630094874598,0.6735537190082644,0.602354604473827,43.43758884341605,0.1828774536983833
30,0.3,gateway-near,202,33202,NSGA-II,True,10.9,7,10.9,0.0,0.0,True,0.7066115702479339,0.2144269405235177,0.5495867768595041,0.0438806691110926,51.46417658111176,0.2986630094874598,0.6735537190082644,0.602354604473827,43.43758884341605,0.1828774536983833
30,0.3,gateway-near,202,33202,Random,True,10.9,7,10.9,0.0,0.0,True,0.7066115702479339,0.2144269405235177,0.5495867768595041,0.0438806691110926,51.46417658111176,0.2986630094874598,0.6735537190082644,0.602354604473827,43.43758884341605,0.1828774536983833
30,0.3,gateway-near,303,33303,CC-Exact,True,8.65,5,8.65,0.0,0.0,True,0.6921487603305785,0.2490780296894913,0.5516528925619835,0.0526105991289115,51.158629030488086,0.2960527753738842,0.6012396694214877,0.6063488605069371,36.99518118660503,0.1712904518821024
30,0.3,gateway-near,303,33303,Greedy,True,8.65,5,8.65,0.0,0.0,True,0.6921487603305785,0.2490780296894913,0.5516528925619835,0.0526105991289115,51.158629030488086,0.2960527753738842,0.6012396694214877,0.6063488605069371,36.99518118660503,0.1712904518821024
30,0.3,gateway-near,303,33303,GA,True,8.65,5,8.65,0.0,0.0,True,0.6921487603305785,0.2490780296894913,0.5516528925619835,0.0526105991289115,51.158629030488086,0.2960527753738842,0.6012396694214877,0.6063488605069371,36.99518118660503,0.1712904518821024
30,0.3,gateway-near,303,33303,PSO,True,8.65,5,8.65,0.0,0.0,True,0.6921487603305785,0.2490780296894913,0.5516528925619835,0.0526105991289115,51.158629030488086,0.2960527753738842,0.6012396694214877,0.6063488605069371,36.99518118660503,0.1712904518821024
30,0.3,gateway-near,303,33303,NSGA-II,True,8.65,5,8.65,0.0,0.0,True,0.6921487603305785,0.2490780296894913,0.5516528925619835,0.0526105991289115,51.158629030488086,0.2960527753738842,0.6012396694214877,0.6063488605069371,36.99518118660503,0.1712904518821024
30,0.3,gateway-near,303,33303,Random,True,8.65,5,8.65,0.0,0.0,True,0.6921487603305785,0.2490780296894913,0.5516528925619835,0.0526105991289115,51.158629030488086,0.2960527753738842,0.6012396694214877,0.6063488605069371,36.99518118660503,0.1712904518821024
30,0.3,peripheral,101,33101,CC-Exact,True,9.3,6,9.3,0.0,0.0,True,0.7045454545454546,0.2256439178397276,0.5,0.3216405861142414,41.742579486001546,0.1868830858027458,0.6012396694214877,0.6205947144825029,33.1991849931124,0.1458673487233119
30,0.3,peripheral,101,33101,Greedy,True,9.75,7,9.3,0.4499999999999993,0.0483870967741934,False,0.7045454545454546,0.2256439178397276,0.5,0.3216405861142414,41.742579486001546,0.1868830858027458,0.609504132231405,0.640589978636708,34.27165844002291,0.1594873637151412
30,0.3,peripheral,101,33101,GA,True,9.75,7,9.3,0.4499999999999993,0.0483870967741934,False,0.7045454545454546,0.2256439178397276,0.5,0.3216405861142414,41.742579486001546,0.1868830858027458,0.609504132231405,0.640589978636708,34.27165844002291,0.1594873637151412
30,0.3,peripheral,101,33101,PSO,True,9.75,7,9.3,0.4499999999999993,0.0483870967741934,False,0.7045454545454546,0.2256439178397276,0.5,0.3216405861142414,41.742579486001546,0.1868830858027458,0.609504132231405,0.640589978636708,34.27165844002291,0.1594873637151412
30,0.3,peripheral,101,33101,NSGA-II,True,9.3,6,9.3,0.0,0.0,True,0.7045454545454546,0.2256439178397276,0.5,0.3216405861142414,41.742579486001546,0.1868830858027458,0.6012396694214877,0.6205947144825029,33.1991849931124,0.1458673487233119
30,0.3,peripheral,101,33101,Random,True,9.3,6,9.3,0.0,0.0,True,0.7045454545454546,0.2256439178397276,0.5,0.3216405861142414,41.742579486001546,0.1868830858027458,0.6012396694214877,0.6205947144825029,33.1991849931124,0.1458673487233119
30,0.3,peripheral,202,33202,CC-Exact,False,,-1,,,,False,0.7066115702479339,0.2144269405235177,0.4876033057851239,0.3056906272723542,42.3008280454676,0.1864944198649823,0.4876033057851239,0.3056906272723542,42.3008280454676,0.1864944198649823
30,0.3,peripheral,202,33202,Greedy,False,12.15,8,,,,False,0.7066115702479339,0.2144269405235177,0.4876033057851239,0.3056906272723542,42.3008280454676,0.1864944198649823,0.5826446280991735,0.8068105779122863,30.30009131153152,0.1218644034918155
30,0.3,peripheral,202,33202,GA,False,9.75,7,,,,False,0.7066115702479339,0.2144269405235177,0.4876033057851239,0.3056906272723542,42.3008280454676,0.1864944198649823,0.5826446280991735,0.6819914496934367,34.668760799191254,0.1456088303491031
30,0.3,peripheral,202,33202,PSO,False,8.5,6,,,,False,0.7066115702479339,0.2144269405235177,0.4876033057851239,0.3056906272723542,42.3008280454676,0.1864944198649823,0.5826446280991735,0.5991128539773443,33.95105011079295,0.174550618469287
30,0.3,peripheral,202,33202,NSGA-II,False,9.3,6,,,,False,0.7066115702479339,0.2144269405235177,0.4876033057851239,0.3056906272723542,42.3008280454676,0.1864944198649823,0.5826446280991735,0.6121661582960507,33.49418445963822,0.1499600477428699
30,0.3,peripheral,202,33202,Random,False,9.3,6,,,,False,0.7066115702479339,0.2144269405235177,0.4876033057851239,0.3056906272723542,42.3008280454676,0.1864944198649823,0.5826446280991735,0.6121661582960507,33.49418445963822,0.1499600477428699
30,0.3,peripheral,303,33303,CC-Exact,True,7.35,6,7.35,0.0,0.0,True,0.6921487603305785,0.2490780296894913,0.4958677685950413,0.35523484036544,40.5667805872096,0.175085116178589,0.6033057851239669,0.6087973430847419,39.99978529972634,0.1623688900115613
30,0.3,peripheral,303,33303,Greedy,True,7.35,6,7.35,0.0,0.0,True,0.6921487603305785,0.2490780296894913,0.4958677685950413,0.35523484036544,40.5667805872096,0.175085116178589,0.6033057851239669,0.6087973430847419,39.99978529972634,0.1623688900115613
30,0.3,peripheral,303,33303,GA,True,7.35,6,7.35,0.0,0.0,True,0.6921487603305785,0.2490780296894913,0.4958677685950413,0.35523484036544,40.5667805872096,0.175085116178589,0.6033057851239669,0.6087973430847419,39.99978529972634,0.1623688900115613
30,0.3,peripheral,303,33303,PSO,True,7.35,6,7.35,0.0,0.0,True,0.6921487603305785,0.2490780296894913,0.4958677685950413,0.35523484036544,40.5667805872096,0.175085116178589,0.6033057851239669,0.6087973430847419,39.99978529972634,0.1623688900115613
30,0.3,peripheral,303,33303,NSGA-II,True,7.35,6,7.35,0.0,0.0,True,0.6921487603305785,0.2490780296894913,0.4958677685950413,0.35523484036544,40.5667805872096,0.175085116178589,0.6033057851239669,0.6087973430847419,39.99978529972634,0.1623688900115613
30,0.3,peripheral,303,33303,Random,True,9.75,7,7.35,2.4000000000000004,0.326530612244898,False,0.6921487603305785,0.2490780296894913,0.4958677685950413,0.35523484036544,40.5667805872096,0.175085116178589,0.6033057851239669,0.6576888198130173,36.44242976808285,0.1503406924870548
30,0.3,coverage-critical,101,33101,CC-Exact,False,,-1,,,,False,0.7045454545454546,0.2256439178397276,0.4462809917355372,0.2012764535047183,45.95532412733486,0.2422622426913693,0.4462809917355372,0.2012764535047183,45.95532412733486,0.2422622426913693
30,0.3,coverage-critical,101,33101,Greedy,False,12.15,8,,,,False,0.7045454545454546,0.2256439178397276,0.4462809917355372,0.2012764535047183,45.95532412733486,0.2422622426913693,0.5351239669421488,0.7589228118850382,30.130009276331357,0.1427400299529139
30,0.3,coverage-critical,101,33101,GA,False,9.75,7,,,,False,0.7045454545454546,0.2256439178397276,0.4462809917355372,0.2012764535047183,45.95532412733486,0.2422622426913693,0.5351239669421488,0.638193162085755,34.35554701930627,0.1623421226801593
30,0.3,coverage-critical,101,33101,PSO,False,9.75,7,,,,False,0.7045454545454546,0.2256439178397276,0.4462809917355372,0.2012764535047183,45.95532412733486,0.2422622426913693,0.5351239669421488,0.638193162085755,34.35554701930627,0.1623421226801593
30,0.3,coverage-critical,101,33101,NSGA-II,False,9.75,7,,,,False,0.7045454545454546,0.2256439178397276,0.4462809917355372,0.2012764535047183,45.95532412733486,0.2422622426913693,0.5351239669421488,0.638193162085755,34.35554701930627,0.1623421226801593
30,0.3,coverage-critical,101,33101,Random,False,10.55,7,,,,False,0.7045454545454546,0.2256439178397276,0.4462809917355372,0.2012764535047183,45.95532412733486,0.2422622426913693,0.5351239669421488,0.6645852536883297,33.431823813216155,0.1427400299529139
30,0.3,coverage-critical,202,33202,CC-Exact,False,,-1,,,,False,0.7066115702479339,0.2144269405235177,0.4132231404958678,0.2003083603798927,45.98920738670376,0.2375533252899002,0.4132231404958678,0.2003083603798927,45.98920738670376,0.2375533252899002
30,0.3,coverage-critical,202,33202,Greedy,False,12.15,8,,,,False,0.7066115702479339,0.2144269405235177,0.4132231404958678,0.2003083603798927,45.98920738670376,0.2375533252899002,0.5433884297520661,0.6747202456097556,34.00017601904317,0.1519757330674155
30,0.3,coverage-critical,202,33202,GA,False,12.15,8,,,,False,0.7066115702479339,0.2144269405235177,0.4132231404958678,0.2003083603798927,45.98920738670376,0.2375533252899002,0.5433884297520661,0.6747202456097556,34.00017601904317,0.1519757330674155
30,0.3,coverage-critical,202,33202,PSO,False,12.15,8,,,,False,0.7066115702479339,0.2144269405235177,0.4132231404958678,0.2003083603798927,45.98920738670376,0.2375533252899002,0.5433884297520661,0.6747202456097556,34.00017601904317,0.1519757330674155
30,0.3,coverage-critical,202,33202,NSGA-II,False,12.15,8,,,,False,0.7066115702479339,0.2144269405235177,0.4132231404958678,0.2003083603798927,45.98920738670376,0.2375533252899002,0.5433884297520661,0.6747202456097556,34.00017601904317,0.1519757330674155
30,0.3,coverage-critical,202,33202,Random,False,10.9,7,,,,False,0.7066115702479339,0.2144269405235177,0.4132231404958678,0.2003083603798927,45.98920738670376,0.2375533252899002,0.5268595041322314,0.6617406500718154,33.67907724748646,0.1544547623901121
30,0.3,coverage-critical,303,33303,CC-Exact,False,,-1,,,,False,0.6921487603305785,0.2490780296894913,0.4648760330578512,0.2629866044180168,43.795468845369406,0.2372965655840117,0.4648760330578512,0.2629866044180168,43.795468845369406,0.2372965655840117
30,0.3,coverage-critical,303,33303,Greedy,False,12.15,8,,,,False,0.6921487603305785,0.2490780296894913,0.4648760330578512,0.2629866044180168,43.795468845369406,0.2372965655840117,0.5888429752066116,0.7012590625839811,33.07131742494528,0.1485101352096372
30,0.3,coverage-critical,303,33303,GA,False,9.75,7,,,,False,0.6921487603305785,0.2490780296894913,0.4648760330578512,0.2629866044180168,43.795468845369406,0.2372965655840117,0.5888429752066116,0.647857751524458,37.70959408125936,0.1632563367693937
30,0.3,coverage-critical,303,33303,PSO,False,9.75,7,,,,False,0.6921487603305785,0.2490780296894913,0.4648760330578512,0.2629866044180168,43.795468845369406,0.2372965655840117,0.5888429752066116,0.647857751524458,37.70959408125936,0.1632563367693937
30,0.3,coverage-critical,303,33303,NSGA-II,False,9.75,7,,,,False,0.6921487603305785,0.2490780296894913,0.4648760330578512,0.2629866044180168,43.795468845369406,0.2372965655840117,0.5888429752066116,0.647857751524458,37.70959408125936,0.1632563367693937
30,0.3,coverage-critical,303,33303,Random,False,9.75,7,,,,False,0.6921487603305785,0.2490780296894913,0.4648760330578512,0.2629866044180168,43.795468845369406,0.2372965655840117,0.5888429752066116,0.647857751524458,37.70959408125936,0.1632563367693937
30,0.45,random,101,34601,CC-Exact,False,,-1,,,,False,0.6590909090909091,0.2689795947178762,0.4483471074380165,0.291137632179685,42.81018287371102,0.2306817917163852,0.4483471074380165,0.291137632179685,42.81018287371102,0.2306817917163852
30,0.45,random,101,34601,Greedy,False,12.15,8,,,,False,0.6590909090909091,0.2689795947178762,0.4483471074380165,0.291137632179685,42.81018287371102,0.2306817917163852,0.5599173553719008,0.7446074623794697,31.51016738814713,0.1431709570987542
30,0.45,random,101,34601,GA,False,7.35,6,,,,False,0.6590909090909091,0.2689795947178762,0.4483471074380165,0.291137632179685,42.81018287371102,0.2306817917163852,0.5599173553719008,0.6040097031186326,43.28823181941929,0.180898352084025
30,0.45,random,101,34601,PSO,False,7.35,6,,,,False,0.6590909090909091,0.2689795947178762,0.4483471074380165,0.291137632179685,42.81018287371102,0.2306817917163852,0.5599173553719008,0.6040097031186326,43.28823181941929,0.180898352084025
30,0.45,random,101,34601,NSGA-II,False,7.35,6,,,,False,0.6590909090909091,0.2689795947178762,0.4483471074380165,0.291137632179685,42.81018287371102,0.2306817917163852,0.5599173553719008,0.6040097031186326,43.28823181941929,0.180898352084025
30,0.45,random,101,34601,Random,False,7.35,6,,,,False,0.6590909090909091,0.2689795947178762,0.4483471074380165,0.291137632179685,42.81018287371102,0.2306817917163852,0.5599173553719008,0.6040097031186326,43.28823181941929,0.180898352084025
30,0.45,random,202,34702,CC-Exact,False,,-1,,,,False,0.6735537190082644,0.1869884451605717,0.5227272727272727,0.2118449660930359,45.58542618674375,0.2728136745237669,0.5227272727272727,0.2118449660930359,45.58542618674375,0.2728136745237669
30,0.45,random,202,34702,Greedy,False,12.15,8,,,,False,0.6735537190082644,0.1869884451605717,0.5227272727272727,0.2118449660930359,45.58542618674375,0.2728136745237669,0.5950413223140496,0.6670553742723813,35.36734761475237,0.1660522919083307
30,0.45,random,202,34702,GA,False,8.75,6,,,,False,0.6735537190082644,0.1869884451605717,0.5227272727272727,0.2118449660930359,45.58542618674375,0.2728136745237669,0.5950413223140496,0.6123665599735608,37.56717040092537,0.1766388626494218
30,0.45,random,202,34702,PSO,False,8.75,6,,,,False,0.6735537190082644,0.1869884451605717,0.5227272727272727,0.2118449660930359,45.58542618674375,0.2728136745237669,0.5950413223140496,0.6123665599735608,37.56717040092537,0.1766388626494218
30,0.45,random,202,34702,NSGA-II,False,8.75,6,,,,False,0.6735537190082644,0.1869884451605717,0.5227272727272727,0.2118449660930359,45.58542618674375,0.2728136745237669,0.5950413223140496,0.6123665599735608,37.56717040092537,0.1766388626494218
30,0.45,random,202,34702,Random,False,9.75,7,,,,False,0.6735537190082644,0.1869884451605717,0.5227272727272727,0.2118449660930359,45.58542618674375,0.2728136745237669,0.5950413223140496,0.6233512624428575,36.8969915287857,0.1742294764905597
30,0.45,random,303,34803,CC-Exact,False,,-1,,,,False,0.6921487603305785,0.2895583394523003,0.4338842975206611,0.3454290478281003,40.90998332601648,0.2078079258569885,0.4338842975206611,0.3454290478281003,40.90998332601648,0.2078079258569885
30,0.45,random,303,34803,Greedy,False,12.15,8,,,,False,0.6921487603305785,0.2895583394523003,0.4338842975206611,0.3454290478281003,40.90998332601648,0.2078079258569885,0.5371900826446281,0.8238283776327687,27.594578211424523,0.1206302689648756
30,0.45,random,303,34803,GA,False,8.15,6,,,,False,0.6921487603305785,0.2895583394523003,0.4338842975206611,0.3454290478281003,40.90998332601648,0.2078079258569885,0.5371900826446281,0.6525516634730169,34.732120349872986,0.1356552911005646
30,0.45,random,303,34803,PSO,False,8.15,6,,,,False,0.6921487603305785,0.2895583394523003,0.4338842975206611,0.3454290478281003,40.90998332601648,0.2078079258569885,0.5371900826446281,0.6525516634730169,34.732120349872986,0.1356552911005646
30,0.45,random,303,34803,NSGA-II,False,8.15,6,,,,False,0.6921487603305785,0.2895583394523003,0.4338842975206611,0.3454290478281003,40.90998332601648,0.2078079258569885,0.5371900826446281,0.6525516634730169,34.732120349872986,0.1356552911005646
30,0.45,random,303,34803,Random,False,9.75,7,,,,False,0.6921487603305785,0.2895583394523003,0.4338842975206611,0.3454290478281003,40.90998332601648,0.2078079258569885,0.5371900826446281,0.757071810726644,31.073915195996037,0.1356552911005646
30,0.45,clustered,101,34601,CC-Exact,False,,-1,,,,False,0.6590909090909091,0.2689795947178762,0.3739669421487603,0.1730376139444592,46.94368351194393,0.2551259637619426,0.3739669421487603,0.1730376139444592,46.94368351194393,0.2551259637619426
30,0.45,clustered,101,34601,Greedy,False,12.15,8,,,,False,0.6590909090909091,0.2689795947178762,0.3739669421487603,0.1730376139444592,46.94368351194393,0.2551259637619426,0.5144628099173554,0.6950632703284025,33.24421410993449,0.1578517054084418
30,0.45,clustered,101,34601,GA,False,9.75,7,,,,False,0.6590909090909091,0.2689795947178762,0.3739669421487603,0.1730376139444592,46.94368351194393,0.2551259637619426,0.5144628099173554,0.6458130108073282,34.967973193172085,0.1693106319545357
30,0.45,clustered,101,34601,PSO,False,9.75,7,,,,False,0.6590909090909091,0.2689795947178762,0.3739669421487603,0.1730376139444592,46.94368351194393,0.2551259637619426,0.5144628099173554,0.6458130108073282,34.967973193172085,0.1693106319545357
30,0.45,clustered,101,34601,NSGA-II,False,9.75,7,,,,False,0.6590909090909091,0.2689795947178762,0.3739669421487603,0.1730376139444592,46.94368351194393,0.2551259637619426,0.5144628099173554,0.6458130108073282,34.967973193172085,0.1693106319545357
30,0.45,clustered,101,34601,Random,False,9.75,7,,,,False,0.6590909090909091,0.2689795947178762,0.3739669421487603,0.1730376139444592,46.94368351194393,0.2551259637619426,0.5144628099173554,0.6458130108073282,34.967973193172085,0.1693106319545357
30,0.45,clustered,202,34702,CC-Exact,False,,-1,,,,False,0.6735537190082644,0.1869884451605717,0.4235537190082644,0.0603312918036678,50.888404786871625,0.3006563184612055,0.4235537190082644,0.0603312918036678,50.888404786871625,0.3006563184612055
30,0.45,clustered,202,34702,Greedy,False,12.15,8,,,,False,0.6735537190082644,0.1869884451605717,0.4235537190082644,0.0603312918036678,50.888404786871625,0.3006563184612055,0.5661157024793388,0.5534709159953134,38.1999465115926,0.2054299966464279
30,0.45,clustered,202,34702,GA,False,12.15,8,,,,False,0.6735537190082644,0.1869884451605717,0.4235537190082644,0.0603312918036678,50.888404786871625,0.3006563184612055,0.5661157024793388,0.5534709159953134,38.1999465115926,0.2054299966464279
30,0.45,clustered,202,34702,PSO,False,12.15,8,,,,False,0.6735537190082644,0.1869884451605717,0.4235537190082644,0.0603312918036678,50.888404786871625,0.3006563184612055,0.5661157024793388,0.5534709159953134,38.1999465115926,0.2054299966464279
30,0.45,clustered,202,34702,NSGA-II,False,9.75,7,,,,False,0.6735537190082644,0.1869884451605717,0.4235537190082644,0.0603312918036678,50.888404786871625,0.3006563184612055,0.5661157024793388,0.5486698754166772,38.36798293184487,0.2066068860633629
30,0.45,clustered,202,34702,Random,False,9.75,7,,,,False,0.6735537190082644,0.1869884451605717,0.4235537190082644,0.0603312918036678,50.888404786871625,0.3006563184612055,0.5661157024793388,0.5486698754166772,38.36798293184487,0.2066068860633629
30,0.45,clustered,303,34803,CC-Exact,False,,-1,,,,False,0.6921487603305785,0.2895583394523003,0.4380165289256198,0.2410169556985972,44.56440655054909,0.2577785029816804,0.4380165289256198,0.2410169556985972,44.56440655054909,0.2577785029816804
30,0.45,clustered,303,34803,Greedy,False,12.15,8,,,,False,0.6921487603305785,0.2895583394523003,0.4380165289256198,0.2410169556985972,44.56440655054909,0.2577785029816804,0.5475206611570248,0.6965693353867985,32.048644690033484,0.1558007023545098
30,0.45,clustered,303,34803,GA,False,7.15,5,,,,False,0.6921487603305785,0.2895583394523003,0.4380165289256198,0.2410169556985972,44.56440655054909,0.2577785029816804,0.5475206611570248,0.6151296007956445,35.07046397215244,0.1638707517440698
30,0.45,clustered,303,34803,PSO,False,7.15,5,,,,False,0.6921487603305785,0.2895583394523003,0.4380165289256198,0.2410169556985972,44.56440655054909,0.2577785029816804,0.5475206611570248,0.6151296007956445,35.07046397215244,0.1638707517440698
30,0.45,clustered,303,34803,NSGA-II,False,7.15,5,,,,False,0.6921487603305785,0.2895583394523003,0.4380165289256198,0.2410169556985972,44.56440655054909,0.2577785029816804,0.5475206611570248,0.6151296007956445,35.07046397215244,0.1638707517440698
30,0.45,clustered,303,34803,Random,False,8.75,6,,,,False,0.6921487603305785,0.2895583394523003,0.4380165289256198,0.2410169556985972,44.56440655054909,0.2577785029816804,0.5475206611570248,0.6690454328264442,33.18340985107446,0.1638707517440698
30,0.45,gateway-near,101,34601,CC-Exact,False,,-1,,,,False,0.6590909090909091,0.2689795947178762,0.4462809917355372,0.018249806762726,52.36125676330459,0.3163328752094589,0.4462809917355372,0.018249806762726,52.36125676330459,0.3163328752094589
30,0.45,gateway-near,101,34601,Greedy,False,12.15,8,,,,False,0.6590909090909091,0.2689795947178762,0.4462809917355372,0.018249806762726,52.36125676330459,0.3163328752094589,0.6012396694214877,0.5552217218922844,42.71009687662719,0.1974007524281191
30,0.45,gateway-near,101,34601,GA,False,12.15,8,,,,False,0.6590909090909091,0.2689795947178762,0.4462809917355372,0.018249806762726,52.36125676330459,0.3163328752094589,0.6012396694214877,0.5552217218922844,42.71009687662719,0.1974007524281191
30,0.45,gateway-near,101,34601,PSO,False,12.15,8,,,,False,0.6590909090909091,0.2689795947178762,0.4462809917355372,0.018249806762726,52.36125676330459,0.3163328752094589,0.6012396694214877,0.5552217218922844,42.71009687662719,0.1974007524281191
30,0.45,gateway-near,101,34601,NSGA-II,False,12.15,8,,,,False,0.6590909090909091,0.2689795947178762,0.4462809917355372,0.018249806762726,52.36125676330459,0.3163328752094589,0.6012396694214877,0.5552217218922844,42.71009687662719,0.1974007524281191
30,0.45,gateway-near,101,34601,Random,False,12.15,8,,,,False,0.6590909090909091,0.2689795947178762,0.4462809917355372,0.018249806762726,52.36125676330459,0.3163328752094589,0.6012396694214877,0.5552217218922844,42.71009687662719,0.1974007524281191
30,0.45,gateway-near,202,34702,CC-Exact,False,,-1,,,,False,0.6735537190082644,0.1869884451605717,0.4276859504132231,0.0118220309988081,52.58622891504172,0.3291083159227953,0.4276859504132231,0.0118220309988081,52.58622891504172,0.3291083159227953
30,0.45,gateway-near,202,34702,Greedy,False,12.15,8,,,,False,0.6735537190082644,0.1869884451605717,0.4276859504132231,0.0118220309988081,52.58622891504172,0.3291083159227953,0.5599173553719008,0.4386485944866117,41.07587062154002,0.2359085720834009
30,0.45,gateway-near,202,34702,GA,False,9.75,7,,,,False,0.6735537190082644,0.1869884451605717,0.4276859504132231,0.0118220309988081,52.58622891504172,0.3291083159227953,0.5599173553719008,0.4362893117032935,41.15844551895616,0.2365492698422961
30,0.45,gateway-near,202,34702,PSO,False,9.75,7,,,,False,0.6735537190082644,0.1869884451605717,0.4276859504132231,0.0118220309988081,52.58622891504172,0.3291083159227953,0.5599173553719008,0.4362893117032935,41.15844551895616,0.2365492698422961
30,0.45,gateway-near,202,34702,NSGA-II,False,12.15,8,,,,False,0.6735537190082644,0.1869884451605717,0.4276859504132231,0.0118220309988081,52.58622891504172,0.3291083159227953,0.5599173553719008,0.4386485944866117,41.07587062154002,0.2359085720834009
30,0.45,gateway-near,202,34702,Random,False,9.75,7,,,,False,0.6735537190082644,0.1869884451605717,0.4276859504132231,0.0118220309988081,52.58622891504172,0.3291083159227953,0.5599173553719008,0.4362893117032935,41.15844551895616,0.2365492698422961
30,0.45,gateway-near,303,34803,CC-Exact,False,,-1,,,,False,0.6921487603305785,0.2895583394523003,0.4070247933884297,0.0069597003224213,52.75641048871525,0.3325229972195013,0.4070247933884297,0.0069597003224213,52.75641048871525,0.3325229972195013
30,0.45,gateway-near,303,34803,Greedy,False,12.15,8,,,,False,0.6921487603305785,0.2895583394523003,0.4070247933884297,0.0069597003224213,52.75641048871525,0.3325229972195013,0.5578512396694215,0.694197837629809,36.70307568295669,0.1569097325814076
30,0.45,gateway-near,303,34803,GA,False,12.15,8,,,,False,0.6921487603305785,0.2895583394523003,0.4070247933884297,0.0069597003224213,52.75641048871525,0.3325229972195013,0.5578512396694215,0.694197837629809,36.70307568295669,0.1569097325814076
30,0.45,gateway-near,303,34803,PSO,False,12.15,8,,,,False,0.6921487603305785,0.2895583394523003,0.4070247933884297,0.0069597003224213,52.75641048871525,0.3325229972195013,0.5578512396694215,0.694197837629809,36.70307568295669,0.1569097325814076
30,0.45,gateway-near,303,34803,NSGA-II,False,10.55,7,,,,False,0.6921487603305785,0.2895583394523003,0.4070247933884297,0.0069597003224213,52.75641048871525,0.3325229972195013,0.5578512396694215,0.5902168823003715,40.342409119487,0.1569097325814076
30,0.45,gateway-near,303,34803,Random,False,10.9,7,,,,False,0.6921487603305785,0.2895583394523003,0.4070247933884297,0.0069597003224213,52.75641048871525,0.3325229972195013,0.5413223140495868,0.674500238754235,36.59249164360178,0.16095591508483
30,0.45,peripheral,101,34601,CC-Exact,False,,-1,,,,False,0.6590909090909091,0.2689795947178762,0.3326446280991735,0.4991171701051883,35.53089904631841,0.1442641052782699,0.3326446280991735,0.4991171701051883,35.53089904631841,0.1442641052782699
30,0.45,peripheral,101,34601,Greedy,False,12.15,8,,,,False,0.6590909090909091,0.2689795947178762,0.3326446280991735,0.4991171701051883,35.53089904631841,0.1442641052782699,0.4586776859504132,0.7823875134998556,30.187865598933637,0.1309086498025582
30,0.45,peripheral,101,34601,GA,False,7.35,6,,,,False,0.6590909090909091,0.2689795947178762,0.3326446280991735,0.4991171701051883,35.53089904631841,0.1442641052782699,0.4586776859504132,0.6641657161956394,34.3256285045812,0.154973577377452
30,0.45,peripheral,101,34601,PSO,False,7.35,6,,,,False,0.6590909090909091,0.2689795947178762,0.3326446280991735,0.4991171701051883,35.53089904631841,0.1442641052782699,0.4586776859504132,0.6641657161956394,34.3256285045812,0.154973577377452
30,0.45,peripheral,101,34601,NSGA-II,False,7.35,6,,,,False,0.6590909090909091,0.2689795947178762,0.3326446280991735,0.4991171701051883,35.53089904631841,0.1442641052782699,0.4586776859504132,0.6641657161956394,34.3256285045812,0.154973577377452
30,0.45,peripheral,101,34601,Random,False,7.35,6,,,,False,0.6590909090909091,0.2689795947178762,0.3326446280991735,0.4991171701051883,35.53089904631841,0.1442641052782699,0.4586776859504132,0.6641657161956394,34.3256285045812,0.154973577377452
30,0.45,peripheral,202,34702,CC-Exact,False,,-1,,,,False,0.6735537190082644,0.1869884451605717,0.4132231404958678,0.3443236427755978,40.94867250285408,0.1665761900663937,0.4132231404958678,0.3443236427755978,40.94867250285408,0.1665761900663937
30,0.45,peripheral,202,34702,Greedy,False,12.15,8,,,,False,0.6735537190082644,0.1869884451605717,0.4132231404958678,0.3443236427755978,40.94867250285408,0.1665761900663937,0.5165289256198347,0.7718723308114589,30.55589699302752,0.1312539763531311
30,0.45,peripheral,202,34702,GA,False,7.35,6,,,,False,0.6735537190082644,0.1869884451605717,0.4132231404958678,0.3443236427755978,40.94867250285408,0.1665761900663937,0.5165289256198347,0.6039410102229137,36.43349321362659,0.1608092369726857
30,0.45,peripheral,202,34702,PSO,False,7.35,6,,,,False,0.6735537190082644,0.1869884451605717,0.4132231404958678,0.3443236427755978,40.94867250285408,0.1665761900663937,0.5165289256198347,0.6039410102229137,36.43349321362659,0.1608092369726857
30,0.45,peripheral,202,34702,NSGA-II,False,7.35,6,,,,False,0.6735537190082644,0.1869884451605717,0.4132231404958678,0.3443236427755978,40.94867250285408,0.1665761900663937,0.5165289256198347,0.6039410102229137,36.43349321362659,0.1608092369726857
30,0.45,peripheral,202,34702,Random,False,7.35,6,,,,False,0.6735537190082644,0.1869884451605717,0.4132231404958678,0.3443236427755978,40.94867250285408,0.1665761900663937,0.5165289256198347,0.6039410102229137,36.43349321362659,0.1608092369726857
30,0.45,peripheral,303,34803,CC-Exact,False,,-1,,,,False,0.6921487603305785,0.2895583394523003,0.3946280991735537,0.5390267081563329,34.13406521452835,0.1440910402886774,0.3946280991735537,0.5390267081563329,34.13406521452835,0.1440910402886774
30,0.45,peripheral,303,34803,Greedy,False,12.15,8,,,,False,0.6921487603305785,0.2895583394523003,0.3946280991735537,0.5390267081563329,34.13406521452835,0.1440910402886774,0.493801652892562,0.8861695297619204,25.412637886904207,0.1028449957334879
30,0.45,peripheral,303,34803,GA,False,5.75,5,,,,False,0.6921487603305785,0.2895583394523003,0.3946280991735537,0.5390267081563329,34.13406521452835,0.1440910402886774,0.493801652892562,0.6091438583557998,37.39425067183273,0.1381753892892888
30,0.45,peripheral,303,34803,PSO,False,5.75,5,,,,False,0.6921487603305785,0.2895583394523003,0.3946280991735537,0.5390267081563329,34.13406521452835,0.1440910402886774,0.493801652892562,0.6091438583557998,37.39425067183273,0.1381753892892888
30,0.45,peripheral,303,34803,NSGA-II,False,5.75,5,,,,False,0.6921487603305785,0.2895583394523003,0.3946280991735537,0.5390267081563329,34.13406521452835,0.1440910402886774,0.493801652892562,0.6091438583557998,37.39425067183273,0.1381753892892888
30,0.45,peripheral,303,34803,Random,False,5.75,5,,,,False,0.6921487603305785,0.2895583394523003,0.3946280991735537,0.5390267081563329,34.13406521452835,0.1440910402886774,0.493801652892562,0.6091438583557998,37.39425067183273,0.1381753892892888
30,0.45,coverage-critical,101,34601,CC-Exact,False,,-1,,,,False,0.6590909090909091,0.2689795947178762,0.3202479338842975,0.4173771978282119,38.39179807601258,0.1892691313864744,0.3202479338842975,0.4173771978282119,38.39179807601258,0.1892691313864744
30,0.45,coverage-critical,101,34601,Greedy,False,12.15,8,,,,False,0.6590909090909091,0.2689795947178762,0.3202479338842975,0.4173771978282119,38.39179807601258,0.1892691313864744,0.4070247933884297,0.7999628839645636,28.4298704898117,0.13509626684024
30,0.45,coverage-critical,101,34601,GA,False,7.35,6,,,,False,0.6590909090909091,0.2689795947178762,0.3202479338842975,0.4173771978282119,38.39179807601258,0.1892691313864744,0.4070247933884297,0.6364222253746983,34.15379354045699,0.1698413427933523
30,0.45,coverage-critical,101,34601,PSO,False,7.35,6,,,,False,0.6590909090909091,0.2689795947178762,0.3202479338842975,0.4173771978282119,38.39179807601258,0.1892691313864744,0.4070247933884297,0.6364222253746983,34.15379354045699,0.1698413427933523
30,0.45,coverage-critical,101,34601,NSGA-II,False,7.35,6,,,,False,0.6590909090909091,0.2689795947178762,0.3202479338842975,0.4173771978282119,38.39179807601258,0.1892691313864744,0.4070247933884297,0.6364222253746983,34.15379354045699,0.1698413427933523
30,0.45,coverage-critical,101,34601,Random,False,7.35,6,,,,False,0.6590909090909091,0.2689795947178762,0.3202479338842975,0.4173771978282119,38.39179807601258,0.1892691313864744,0.4070247933884297,0.6364222253746983,34.15379354045699,0.1698413427933523
30,0.45,coverage-critical,202,34702,CC-Exact,False,,-1,,,,False,0.6735537190082644,0.1869884451605717,0.3264462809917355,0.184210726624838,46.55262456813067,0.2203726975989484,0.3264462809917355,0.184210726624838,46.55262456813067,0.2203726975989484
30,0.45,coverage-critical,202,34702,Greedy,False,12.15,8,,,,False,0.6735537190082644,0.1869884451605717,0.3264462809917355,0.184210726624838,46.55262456813067,0.2203726975989484,0.4235537190082644,0.6039555006682321,37.5758431908976,0.1805063519598473
30,0.45,coverage-critical,202,34702,GA,False,12.15,8,,,,False,0.6735537190082644,0.1869884451605717,0.3264462809917355,0.184210726624838,46.55262456813067,0.2203726975989484,0.4235537190082644,0.6039555006682321,37.5758431908976,0.1805063519598473
30,0.45,coverage-critical,202,34702,PSO,False,12.15,8,,,,False,0.6735537190082644,0.1869884451605717,0.3264462809917355,0.184210726624838,46.55262456813067,0.2203726975989484,0.4235537190082644,0.6039555006682321,37.5758431908976,0.1805063519598473
30,0.45,coverage-critical,202,34702,NSGA-II,False,12.15,8,,,,False,0.6735537190082644,0.1869884451605717,0.3264462809917355,0.184210726624838,46.55262456813067,0.2203726975989484,0.4235537190082644,0.6039555006682321,37.5758431908976,0.1805063519598473
30,0.45,coverage-critical,202,34702,Random,False,9.75,7,,,,False,0.6735537190082644,0.1869884451605717,0.3264462809917355,0.184210726624838,46.55262456813067,0.2203726975989484,0.4235537190082644,0.5967951773062777,37.826454508566,0.1823239391356775
30,0.45,coverage-critical,303,34803,CC-Exact,False,,-1,,,,False,0.6921487603305785,0.2895583394523003,0.3305785123966942,0.4118745382261689,38.58439116208409,0.2031923467189858,0.3305785123966942,0.4118745382261689,38.58439116208409,0.2031923467189858
30,0.45,coverage-critical,303,34803,Greedy,False,12.15,8,,,,False,0.6921487603305785,0.2895583394523003,0.3305785123966942,0.4118745382261689,38.58439116208409,0.2031923467189858,0.4276859504132231,0.8612730431266953,27.42687206199424,0.110015726026922
30,0.45,coverage-critical,303,34803,GA,False,8.15,6,,,,False,0.6921487603305785,0.2895583394523003,0.3305785123966942,0.4118745382261689,38.58439116208409,0.2031923467189858,0.4276859504132231,0.6751343935154657,33.94172479838727,0.1302392557602233
30,0.45,coverage-critical,303,34803,PSO,False,8.15,6,,,,False,0.6921487603305785,0.2895583394523003,0.3305785123966942,0.4118745382261689,38.58439116208409,0.2031923467189858,0.4276859504132231,0.6751343935154657,33.94172479838727,0.1302392557602233
30,0.45,coverage-critical,303,34803,NSGA-II,False,8.15,6,,,,False,0.6921487603305785,0.2895583394523003,0.3305785123966942,0.4118745382261689,38.58439116208409,0.2031923467189858,0.4276859504132231,0.6751343935154657,33.94172479838727,0.1302392557602233
30,0.45,coverage-critical,303,34803,Random,False,9.75,7,,,,False,0.6921487603305785,0.2895583394523003,0.3305785123966942,0.4118745382261689,38.58439116208409,0.2031923467189858,0.4276859504132231,0.7730100297401448,30.51607753052351,0.1302392557602233
60,0.15,random,101,61601,CC-Exact,True,5.25,3,5.25,0.0,0.0,True,0.8987603305785123,0.2337239246583506,0.8739669421487604,0.2383801255127501,44.65669560705373,0.2569141519773161,0.8966942148760331,0.6157449511110229,36.98738824957574,0.180573541498801
60,0.15,random,101,61601,Greedy,True,6.15,4,5.25,0.9000000000000004,0.1714285714285714,False,0.8987603305785123,0.2337239246583506,0.8739669421487604,0.2383801255127501,44.65669560705373,0.2569141519773161,0.9338842975206612,0.6277996827333483,43.02701110433282,0.1529509838741875
60,0.15,random,101,61601,GA,True,5.25,3,5.25,0.0,0.0,True,0.8987603305785123,0.2337239246583506,0.8739669421487604,0.2383801255127501,44.65669560705373,0.2569141519773161,0.8966942148760331,0.6157449511110229,36.98738824957574,0.180573541498801
60,0.15,random,101,61601,PSO,True,5.25,3,5.25,0.0,0.0,True,0.8987603305785123,0.2337239246583506,0.8739669421487604,0.2383801255127501,44.65669560705373,0.2569141519773161,0.8863636363636364,0.6321257853009556,37.337135976005015,0.1772920017800973
60,0.15,random,101,61601,NSGA-II,True,5.25,3,5.25,0.0,0.0,True,0.8987603305785123,0.2337239246583506,0.8739669421487604,0.2383801255127501,44.65669560705373,0.2569141519773161,0.8863636363636364,0.6321257853009556,37.337135976005015,0.1772920017800973
60,0.15,random,101,61601,Random,True,5.25,3,5.25,0.0,0.0,True,0.8987603305785123,0.2337239246583506,0.8739669421487604,0.2383801255127501,44.65669560705373,0.2569141519773161,0.8966942148760331,0.6157449511110229,36.98738824957574,0.180573541498801
60,0.15,random,202,61702,CC-Exact,True,5.25,3,5.25,0.0,0.0,True,0.8842975206611571,0.2837549363835813,0.871900826446281,0.2725937682279479,43.45921811202183,0.2403030076053742,0.8884297520661157,0.6009364703037139,37.50568507783156,0.1837240358346546
60,0.15,random,202,61702,Greedy,True,5.35,4,5.25,0.0999999999999996,0.0190476190476189,False,0.8842975206611571,0.2837549363835813,0.871900826446281,0.2725937682279479,43.45921811202183,0.2403030076053742,0.9214876033057852,0.6424548263207263,42.958525523219045,0.1774522440383678
60,0.15,random,202,61702,GA,True,5.25,3,5.25,0.0,0.0,True,0.8842975206611571,0.2837549363835813,0.871900826446281,0.2725937682279479,43.45921811202183,0.2403030076053742,0.8884297520661157,0.6009364703037139,37.50568507783156,0.1837240358346546
60,0.15,random,202,61702,PSO,True,5.25,3,5.25,0.0,0.0,True,0.8842975206611571,0.2837549363835813,0.871900826446281,0.2725937682279479,43.45921811202183,0.2403030076053742,0.8884297520661157,0.6009364703037139,37.50568507783156,0.1837240358346546
60,0.15,random,202,61702,NSGA-II,True,5.25,3,5.25,0.0,0.0,True,0.8842975206611571,0.2837549363835813,0.871900826446281,0.2725937682279479,43.45921811202183,0.2403030076053742,0.8884297520661157,0.6009364703037139,37.50568507783156,0.1837240358346546
60,0.15,random,202,61702,Random,True,5.25,3,5.25,0.0,0.0,True,0.8842975206611571,0.2837549363835813,0.871900826446281,0.2725937682279479,43.45921811202183,0.2403030076053742,0.8884297520661157,0.6009364703037139,37.50568507783156,0.1837240358346546
60,0.15,random,303,61803,CC-Exact,True,8.5,6,8.5,0.0,0.0,True,0.8471074380165289,0.267857989060481,0.7582644628099173,0.2823432869242004,43.117984957652986,0.2355139866084755,0.8347107438016529,0.6010166435234539,39.38259929486094,0.1826498403405439
60,0.15,random,303,61803,Greedy,True,8.5,6,8.5,0.0,0.0,True,0.8471074380165289,0.267857989060481,0.7582644628099173,0.2823432869242004,43.117984957652986,0.2355139866084755,0.8347107438016529,0.6010166435234539,39.38259929486094,0.1826498403405439
60,0.15,random,303,61803,GA,True,8.5,6,8.5,0.0,0.0,True,0.8471074380165289,0.267857989060481,0.7582644628099173,0.2823432869242004,43.117984957652986,0.2355139866084755,0.8347107438016529,0.6010166435234539,39.38259929486094,0.1826498403405439
60,0.15,random,303,61803,PSO,True,8.5,6,8.5,0.0,0.0,True,0.8471074380165289,0.267857989060481,0.7582644628099173,0.2823432869242004,43.117984957652986,0.2355139866084755,0.8347107438016529,0.6010166435234539,39.38259929486094,0.1826498403405439
60,0.15,random,303,61803,NSGA-II,True,8.5,6,8.5,0.0,0.0,True,0.8471074380165289,0.267857989060481,0.7582644628099173,0.2823432869242004,43.117984957652986,0.2355139866084755,0.8347107438016529,0.6010166435234539,39.38259929486094,0.1826498403405439
60,0.15,random,303,61803,Random,True,8.5,6,8.5,0.0,0.0,True,0.8471074380165289,0.267857989060481,0.7582644628099173,0.2823432869242004,43.117984957652986,0.2355139866084755,0.8347107438016529,0.6010166435234539,39.38259929486094,0.1826498403405439
60,0.15,clustered,101,61601,CC-Exact,True,4.8,2,4.8,0.0,0.0,True,0.8987603305785123,0.2337239246583506,0.7727272727272727,0.2481374110953602,44.31519061166238,0.2532256994438867,0.7727272727272727,0.6590296923448523,29.933960767930177,0.1452990915144091
60,0.15,clustered,101,61601,Greedy,True,5.25,3,4.8,0.4500000000000002,0.09375,False,0.8987603305785123,0.2337239246583506,0.7727272727272727,0.2481374110953602,44.31519061166238,0.2532256994438867,0.7995867768595041,0.618234182938632,34.59257282791711,0.1753844366697085
60,0.15,clustered,101,61601,GA,True,5.25,3,4.8,0.4500000000000002,0.09375,False,0.8987603305785123,0.2337239246583506,0.7727272727272727,0.2481374110953602,44.31519061166238,0.2532256994438867,0.8161157024793388,0.6243934284263314,33.45392231277071,0.1779605630744571
60,0.15,clustered,101,61601,PSO,True,4.8,2,4.8,0.0,0.0,True,0.8987603305785123,0.2337239246583506,0.7727272727272727,0.2481374110953602,44.31519061166238,0.2532256994438867,0.7727272727272727,0.6590296923448523,29.933960767930177,0.1452990915144091
60,0.15,clustered,101,61601,NSGA-II,True,4.8,2,4.8,0.0,0.0,True,0.8987603305785123,0.2337239246583506,0.7727272727272727,0.2481374110953602,44.31519061166238,0.2532256994438867,0.7727272727272727,0.6590296923448523,29.933960767930177,0.1452990915144091
60,0.15,clustered,101,61601,Random,True,5.25,3,4.8,0.4500000000000002,0.09375,False,0.8987603305785123,0.2337239246583506,0.7727272727272727,0.2481374110953602,44.31519061166238,0.2532256994438867,0.8161157024793388,0.6243934284263314,33.45392231277071,0.1779605630744571
60,0.15,clustered,202,61702,CC-Exact,True,6.05,3,6.05,0.0,0.0,True,0.8842975206611571,0.2837549363835813,0.8057851239669421,0.2400652748620337,44.59771537982882,0.2517822364655685,0.8161157024793388,0.6052337174661082,34.12451219637852,0.1551166072844815
60,0.15,clustered,202,61702,Greedy,True,6.5,4,6.05,0.4500000000000002,0.0743801652892562,False,0.8842975206611571,0.2837549363835813,0.8057851239669421,0.2400652748620337,44.59771537982882,0.2517822364655685,0.8388429752066116,0.6374546441738814,37.93437047278207,0.1731020053988515
60,0.15,clustered,202,61702,GA,True,6.05,3,6.05,0.0,0.0,True,0.8842975206611571,0.2837549363835813,0.8057851239669421,0.2400652748620337,44.59771537982882,0.2517822364655685,0.8161157024793388,0.6052337174661082,34.12451219637852,0.1551166072844815
60,0.15,clustered,202,61702,PSO,True,6.05,3,6.05,0.0,0.0,True,0.8842975206611571,0.2837549363835813,0.8057851239669421,0.2400652748620337,44.59771537982882,0.2517822364655685,0.8161157024793388,0.6052337174661082,34.12451219637852,0.1551166072844815
60,0.15,clustered,202,61702,NSGA-II,True,6.05,3,6.05,0.0,0.0,True,0.8842975206611571,0.2837549363835813,0.8057851239669421,0.2400652748620337,44.59771537982882,0.2517822364655685,0.8161157024793388,0.6052337174661082,34.12451219637852,0.1551166072844815
60,0.15,clustered,202,61702,Random,True,6.05,3,6.05,0.0,0.0,True,0.8842975206611571,0.2837549363835813,0.8057851239669421,0.2400652748620337,44.59771537982882,0.2517822364655685,0.8161157024793388,0.6052337174661082,34.12451219637852,0.1551166072844815
60,0.15,clustered,303,61803,CC-Exact,False,,-1,,,,False,0.8471074380165289,0.267857989060481,0.7727272727272727,0.1994293949644723,46.01997117624346,0.2606566072166716,0.7727272727272727,0.1994293949644723,46.01997117624346,0.2606566072166716
60,0.15,clustered,303,61803,Greedy,False,12.15,8,,,,False,0.8471074380165289,0.267857989060481,0.7727272727272727,0.1994293949644723,46.01997117624346,0.2606566072166716,0.8471074380165289,0.5547474387204581,37.440982501926825,0.1963480593219085
60,0.15,clustered,303,61803,GA,False,10.15,6,,,,False,0.8471074380165289,0.267857989060481,0.7727272727272727,0.1994293949644723,46.01997117624346,0.2606566072166716,0.8367768595041323,0.5638720629817965,37.26447779563712,0.1961726670248005
60,0.15,clustered,303,61803,PSO,False,10.15,6,,,,False,0.8471074380165289,0.267857989060481,0.7727272727272727,0.1994293949644723,46.01997117624346,0.2606566072166716,0.8367768595041323,0.5638720629817965,37.26447779563712,0.1961726670248005
60,0.15,clustered,303,61803,NSGA-II,False,10.15,6,,,,False,0.8471074380165289,0.267857989060481,0.7727272727272727,0.1994293949644723,46.01997117624346,0.2606566072166716,0.8367768595041323,0.5638720629817965,37.26447779563712,0.1961726670248005
60,0.15,clustered,303,61803,Random,False,10.15,6,,,,False,0.8471074380165289,0.267857989060481,0.7727272727272727,0.1994293949644723,46.01997117624346,0.2606566072166716,0.8367768595041323,0.5638720629817965,37.26447779563712,0.1961726670248005
60,0.15,gateway-near,101,61601,CC-Exact,True,5.25,3,5.25,0.0,0.0,True,0.8987603305785123,0.2337239246583506,0.8305785123966942,0.1153952924635226,48.96116476377671,0.2882361881186693,0.8471074380165289,0.6068188471542294,39.14595573421736,0.1886440973078902
60,0.15,gateway-near,101,61601,Greedy,True,5.25,3,5.25,0.0,0.0,True,0.8987603305785123,0.2337239246583506,0.8305785123966942,0.1153952924635226,48.96116476377671,0.2882361881186693,0.8471074380165289,0.6068188471542294,39.14595573421736,0.1886440973078902
60,0.15,gateway-near,101,61601,GA,True,5.25,3,5.25,0.0,0.0,True,0.8987603305785123,0.2337239246583506,0.8305785123966942,0.1153952924635226,48.96116476377671,0.2882361881186693,0.8471074380165289,0.6068188471542294,39.14595573421736,0.1886440973078902
60,0.15,gateway-near,101,61601,PSO,True,5.25,3,5.25,0.0,0.0,True,0.8987603305785123,0.2337239246583506,0.8305785123966942,0.1153952924635226,48.96116476377671,0.2882361881186693,0.8471074380165289,0.6068188471542294,39.14595573421736,0.1886440973078902
60,0.15,gateway-near,101,61601,NSGA-II,True,5.25,3,5.25,0.0,0.0,True,0.8987603305785123,0.2337239246583506,0.8305785123966942,0.1153952924635226,48.96116476377671,0.2882361881186693,0.8471074380165289,0.6068188471542294,39.14595573421736,0.1886440973078902
60,0.15,gateway-near,101,61601,Random,True,5.25,3,5.25,0.0,0.0,True,0.8987603305785123,0.2337239246583506,0.8305785123966942,0.1153952924635226,48.96116476377671,0.2882361881186693,0.8471074380165289,0.6068188471542294,39.14595573421736,0.1886440973078902
60,0.15,gateway-near,202,61702,CC-Exact,True,6.35,5,6.35,0.0,0.0,True,0.8842975206611571,0.2837549363835813,0.8409090909090909,0.1634292899833656,47.27997485058221,0.2663498307083438,0.9008264462809916,0.6021964352730893,45.450397492714615,0.1891281437294298
60,0.15,gateway-near,202,61702,Greedy,True,6.35,5,6.35,0.0,0.0,True,0.8842975206611571,0.2837549363835813,0.8409090909090909,0.1634292899833656,47.27997485058221,0.2663498307083438,0.9008264462809916,0.6021964352730893,45.450397492714615,0.1891281437294298
60,0.15,gateway-near,202,61702,GA,True,6.35,5,6.35,0.0,0.0,True,0.8842975206611571,0.2837549363835813,0.8409090909090909,0.1634292899833656,47.27997485058221,0.2663498307083438,0.9008264462809916,0.6021964352730893,45.450397492714615,0.1891281437294298
60,0.15,gateway-near,202,61702,PSO,True,6.35,5,6.35,0.0,0.0,True,0.8842975206611571,0.2837549363835813,0.8409090909090909,0.1634292899833656,47.27997485058221,0.2663498307083438,0.9008264462809916,0.6021964352730893,45.450397492714615,0.1891281437294298
60,0.15,gateway-near,202,61702,NSGA-II,True,6.35,5,6.35,0.0,0.0,True,0.8842975206611571,0.2837549363835813,0.8409090909090909,0.1634292899833656,47.27997485058221,0.2663498307083438,0.9008264462809916,0.6021964352730893,45.450397492714615,0.1891281437294298
60,0.15,gateway-near,202,61702,Random,True,6.35,5,6.35,0.0,0.0,True,0.8842975206611571,0.2837549363835813,0.8409090909090909,0.1634292899833656,47.27997485058221,0.2663498307083438,0.9049586776859504,0.6025211120108451,45.43903380689316,0.1889365488162958
60,0.15,gateway-near,303,61803,CC-Exact,False,,-1,,,,False,0.8471074380165289,0.267857989060481,0.7954545454545454,0.1437206556986291,47.969777050547975,0.268362646070346,0.7954545454545454,0.1437206556986291,47.969777050547975,0.268362646070346
60,0.15,gateway-near,303,61803,Greedy,False,12.15,8,,,,False,0.8471074380165289,0.267857989060481,0.7954545454545454,0.1437206556986291,47.969777050547975,0.268362646070346,0.8822314049586777,0.5432324774139604,37.84400614765424,0.1987895824815377
60,0.15,gateway-near,303,61803,GA,False,12.15,8,,,,False,0.8471074380165289,0.267857989060481,0.7954545454545454,0.1437206556986291,47.969777050547975,0.268362646070346,0.8822314049586777,0.5432324774139604,37.84400614765424,0.1987895824815377
60,0.15,gateway-near,303,61803,PSO,False,12.15,8,,,,False,0.8471074380165289,0.267857989060481,0.7954545454545454,0.1437206556986291,47.969777050547975,0.268362646070346,0.8822314049586777,0.5432324774139604,37.84400614765424,0.1987895824815377
60,0.15,gateway-near,303,61803,NSGA-II,False,12.15,8,,,,False,0.8471074380165289,0.267857989060481,0.7954545454545454,0.1437206556986291,47.969777050547975,0.268362646070346,0.8822314049586777,0.5432324774139604,37.84400614765424,0.1987895824815377
60,0.15,gateway-near,303,61803,Random,False,11.15,7,,,,False,0.8471074380165289,0.267857989060481,0.7954545454545454,0.1437206556986291,47.969777050547975,0.268362646070346,0.8822314049586777,0.5352532432284927,38.19340921427549,0.2009165385371962
60,0.15,peripheral,101,61601,CC-Exact,True,4.0,2,4.0,0.0,0.0,True,0.8987603305785123,0.2337239246583506,0.8161157024793388,0.2749443384128854,43.376948155549,0.2204313124418843,0.8161157024793388,0.6049538472036183,31.82661534787336,0.1660899873360285
60,0.15,peripheral,101,61601,Greedy,True,4.0,2,4.0,0.0,0.0,True,0.8987603305785123,0.2337239246583506,0.8161157024793388,0.2749443384128854,43.376948155549,0.2204313124418843,0.8161157024793388,0.6049538472036183,31.82661534787336,0.1660899873360285
60,0.15,peripheral,101,61601,GA,True,4.0,2,4.0,0.0,0.0,True,0.8987603305785123,0.2337239246583506,0.8161157024793388,0.2749443384128854,43.376948155549,0.2204313124418843,0.8161157024793388,0.6049538472036183,31.82661534787336,0.1660899873360285
60,0.15,peripheral,101,61601,PSO,True,4.0,2,4.0,0.0,0.0,True,0.8987603305785123,0.2337239246583506,0.8161157024793388,0.2749443384128854,43.376948155549,0.2204313124418843,0.8161157024793388,0.6049538472036183,31.82661534787336,0.1660899873360285
60,0.15,peripheral,101,61601,NSGA-II,True,4.0,2,4.0,0.0,0.0,True,0.8987603305785123,0.2337239246583506,0.8161157024793388,0.2749443384128854,43.376948155549,0.2204313124418843,0.8161157024793388,0.6049538472036183,31.82661534787336,0.1660899873360285
60,0.15,peripheral,101,61601,Random,True,5.0,3,4.0,1.0,0.25,False,0.8987603305785123,0.2337239246583506,0.8161157024793388,0.2749443384128854,43.376948155549,0.2204313124418843,0.8285123966942148,0.6101631243396786,31.644290648111248,0.1651962548758093
60,0.15,peripheral,202,61702,CC-Exact,True,5.25,3,5.25,0.0,0.0,True,0.8842975206611571,0.2837549363835813,0.8016528925619835,0.3337674477578297,41.31813932847596,0.2025894887393172,0.8285123966942148,0.6094728281440432,36.2838356303431,0.1702497336632321
60,0.15,peripheral,202,61702,Greedy,True,5.35,4,5.25,0.0999999999999996,0.0190476190476189,False,0.8842975206611571,0.2837549363835813,0.8016528925619835,0.3337674477578297,41.31813932847596,0.2025894887393172,0.8574380165289256,0.6143809110624107,39.94111255726008,0.170693846643037
60,0.15,peripheral,202,61702,GA,True,5.25,3,5.25,0.0,0.0,True,0.8842975206611571,0.2837549363835813,0.8016528925619835,0.3337674477578297,41.31813932847596,0.2025894887393172,0.8285123966942148,0.6094728281440432,36.2838356303431,0.1702497336632321
60,0.15,peripheral,202,61702,PSO,True,5.25,3,5.25,0.0,0.0,True,0.8842975206611571,0.2837549363835813,0.8016528925619835,0.3337674477578297,41.31813932847596,0.2025894887393172,0.8285123966942148,0.6094728281440432,36.2838356303431,0.1702497336632321
60,0.15,peripheral,202,61702,NSGA-II,True,5.25,3,5.25,0.0,0.0,True,0.8842975206611571,0.2837549363835813,0.8016528925619835,0.3337674477578297,41.31813932847596,0.2025894887393172,0.8140495867768595,0.6286235788653267,33.767405508944336,0.1609879678468449
60,0.15,peripheral,202,61702,Random,True,5.25,3,5.25,0.0,0.0,True,0.8842975206611571,0.2837549363835813,0.8016528925619835,0.3337674477578297,41.31813932847596,0.2025894887393172,0.8140495867768595,0.6286235788653267,33.767405508944336,0.1609879678468449
60,0.15,peripheral,303,61803,CC-Exact,True,5.25,3,5.25,0.0,0.0,True,0.8471074380165289,0.267857989060481,0.7541322314049587,0.3150804543868615,41.97218409645985,0.1989751649093497,0.78099173553719,0.6279481334800573,35.17566148204415,0.1608791915101523
60,0.15,peripheral,303,61803,Greedy,True,5.25,3,5.25,0.0,0.0,True,0.8471074380165289,0.267857989060481,0.7541322314049587,0.3150804543868615,41.97218409645985,0.1989751649093497,0.78099173553719,0.6279481334800573,35.17566148204415,0.1608791915101523
60,0.15,peripheral,303,61803,GA,True,5.25,3,5.25,0.0,0.0,True,0.8471074380165289,0.267857989060481,0.7541322314049587,0.3150804543868615,41.97218409645985,0.1989751649093497,0.78099173553719,0.6279481334800573,35.17566148204415,0.1608791915101523
60,0.15,peripheral,303,61803,PSO,True,5.25,3,5.25,0.0,0.0,True,0.8471074380165289,0.267857989060481,0.7541322314049587,0.3150804543868615,41.97218409645985,0.1989751649093497,0.78099173553719,0.6279481334800573,35.17566148204415,0.1608791915101523
60,0.15,peripheral,303,61803,NSGA-II,True,5.25,3,5.25,0.0,0.0,True,0.8471074380165289,0.267857989060481,0.7541322314049587,0.3150804543868615,41.97218409645985,0.1989751649093497,0.78099173553719,0.6279481334800573,35.17566148204415,0.1608791915101523
60,0.15,peripheral,303,61803,Random,True,5.25,3,5.25,0.0,0.0,True,0.8471074380165289,0.267857989060481,0.7541322314049587,0.3150804543868615,41.97218409645985,0.1989751649093497,0.78099173553719,0.6279481334800573,35.17566148204415,0.1608791915101523
60,0.15,coverage-critical,101,61601,CC-Exact,True,4.8,2,4.8,0.0,0.0,True,0.8987603305785123,0.2337239246583506,0.762396694214876,0.2635893355644776,43.77437325524328,0.2512622913851938,0.762396694214876,0.6503311583078643,30.238409459224748,0.1537410947406758
60,0.15,coverage-critical,101,61601,Greedy,True,5.25,3,4.8,0.4500000000000002,0.09375,False,0.8987603305785123,0.2337239246583506,0.762396694214876,0.2635893355644776,43.77437325524328,0.2512622913851938,0.7892561983471075,0.6253488202655035,32.95894513686122,0.176820522067571
60,0.15,coverage-critical,101,61601,GA,True,5.25,3,4.8,0.4500000000000002,0.09375,False,0.8987603305785123,0.2337239246583506,0.762396694214876,0.2635893355644776,43.77437325524328,0.2512622913851938,0.7892561983471075,0.6457462302358514,35.014266557129815,0.1737520305423446
60,0.15,coverage-critical,101,61601,PSO,True,4.8,2,4.8,0.0,0.0,True,0.8987603305785123,0.2337239246583506,0.762396694214876,0.2635893355644776,43.77437325524328,0.2512622913851938,0.762396694214876,0.6503311583078643,30.238409459224748,0.1537410947406758
60,0.15,coverage-critical,101,61601,NSGA-II,True,4.8,2,4.8,0.0,0.0,True,0.8987603305785123,0.2337239246583506,0.762396694214876,0.2635893355644776,43.77437325524328,0.2512622913851938,0.762396694214876,0.6503311583078643,30.238409459224748,0.1537410947406758
60,0.15,coverage-critical,101,61601,Random,True,5.25,3,4.8,0.4500000000000002,0.09375,False,0.8987603305785123,0.2337239246583506,0.762396694214876,0.2635893355644776,43.77437325524328,0.2512622913851938,0.7892561983471075,0.6457462302358514,35.014266557129815,0.1737520305423446
60,0.15,coverage-critical,202,61702,CC-Exact,True,5.25,3,5.25,0.0,0.0,True,0.8842975206611571,0.2837549363835813,0.7210743801652892,0.3313804998664546,41.401682504674085,0.2181130078586967,0.7479338842975206,0.6204222928208085,34.51598898204093,0.1748940479426507
60,0.15,coverage-critical,202,61702,Greedy,True,6.35,5,5.25,1.0999999999999996,0.2095238095238094,False,0.8842975206611571,0.2837549363835813,0.7210743801652892,0.3313804998664546,41.401682504674085,0.2181130078586967,0.8305785123966942,0.6005952320886845,41.57916687689606,0.1798844208400969
60,0.15,coverage-critical,202,61702,GA,True,5.25,3,5.25,0.0,0.0,True,0.8842975206611571,0.2837549363835813,0.7210743801652892,0.3313804998664546,41.401682504674085,0.2181130078586967,0.7479338842975206,0.6204222928208085,34.51598898204093,0.1748940479426507
60,0.15,coverage-critical,202,61702,PSO,True,5.25,3,5.25,0.0,0.0,True,0.8842975206611571,0.2837549363835813,0.7210743801652892,0.3313804998664546,41.401682504674085,0.2181130078586967,0.7479338842975206,0.6204222928208085,34.51598898204093,0.1748940479426507
60,0.15,coverage-critical,202,61702,NSGA-II,True,5.25,3,5.25,0.0,0.0,True,0.8842975206611571,0.2837549363835813,0.7210743801652892,0.3313804998664546,41.401682504674085,0.2181130078586967,0.7479338842975206,0.6204222928208085,34.51598898204093,0.1748940479426507
60,0.15,coverage-critical,202,61702,Random,True,5.25,3,5.25,0.0,0.0,True,0.8842975206611571,0.2837549363835813,0.7210743801652892,0.3313804998664546,41.401682504674085,0.2181130078586967,0.7479338842975206,0.6204222928208085,34.51598898204093,0.1748940479426507
60,0.15,coverage-critical,303,61803,CC-Exact,True,12.15,8,12.15,0.0,0.0,True,0.8471074380165289,0.267857989060481,0.6838842975206612,0.2991305672769924,42.53043014530526,0.2322847250983442,0.7913223140495868,0.6013200447513195,37.95379843370382,0.1795368628306221
60,0.15,coverage-critical,303,61803,Greedy,True,12.15,8,12.15,0.0,0.0,True,0.8471074380165289,0.267857989060481,0.6838842975206612,0.2991305672769924,42.53043014530526,0.2322847250983442,0.7913223140495868,0.6013200447513195,37.95379843370382,0.1795368628306221
60,0.15,coverage-critical,303,61803,GA,True,12.15,8,12.15,0.0,0.0,True,0.8471074380165289,0.267857989060481,0.6838842975206612,0.2991305672769924,42.53043014530526,0.2322847250983442,0.7913223140495868,0.6013200447513195,37.95379843370382,0.1795368628306221
60,0.15,coverage-critical,303,61803,PSO,True,12.15,8,12.15,0.0,0.0,True,0.8471074380165289,0.267857989060481,0.6838842975206612,0.2991305672769924,42.53043014530526,0.2322847250983442,0.7913223140495868,0.6013200447513195,37.95379843370382,0.1795368628306221
60,0.15,coverage-critical,303,61803,NSGA-II,True,12.15,8,12.15,0.0,0.0,True,0.8471074380165289,0.267857989060481,0.6838842975206612,0.2991305672769924,42.53043014530526,0.2322847250983442,0.7913223140495868,0.6013200447513195,37.95379843370382,0.1795368628306221
60,0.15,coverage-critical,303,61803,Random,False,11.15,7,12.15,,,False,0.8471074380165289,0.267857989060481,0.6838842975206612,0.2991305672769924,42.53043014530526,0.2322847250983442,0.7789256198347108,0.5945735821876379,38.29901553252358,0.1811938528448003
60,0.3,random,101,63101,CC-Exact,True,5.25,3,5.25,0.0,0.0,True,0.859504132231405,0.300270005312535,0.8181818181818182,0.3284492076196666,41.50427773331167,0.2126448761181753,0.8450413223140496,0.6306281786756723,33.71871142077007,0.169229728609474
60,0.3,random,101,63101,Greedy,True,5.25,3,5.25,0.0,0.0,True,0.859504132231405,0.300270005312535,0.8181818181818182,0.3284492076196666,41.50427773331167,0.2126448761181753,0.8450413223140496,0.6306281786756723,33.71871142077007,0.169229728609474
60,0.3,random,101,63101,GA,True,5.25,3,5.25,0.0,0.0,True,0.859504132231405,0.300270005312535,0.8181818181818182,0.3284492076196666,41.50427773331167,0.2126448761181753,0.8347107438016529,0.6405576303351893,32.813041077803256,0.1662477482324954
60,0.3,random,101,63101,PSO,True,5.25,3,5.25,0.0,0.0,True,0.859504132231405,0.300270005312535,0.8181818181818182,0.3284492076196666,41.50427773331167,0.2126448761181753,0.8429752066115702,0.6307528995349807,34.83062526046172,0.164564989612017
60,0.3,random,101,63101,NSGA-II,True,5.25,3,5.25,0.0,0.0,True,0.859504132231405,0.300270005312535,0.8181818181818182,0.3284492076196666,41.50427773331167,0.2126448761181753,0.8347107438016529,0.6405576303351893,32.813041077803256,0.1662477482324954
60,0.3,random,101,63101,Random,True,5.25,3,5.25,0.0,0.0,True,0.859504132231405,0.300270005312535,0.8181818181818182,0.3284492076196666,41.50427773331167,0.2126448761181753,0.8347107438016529,0.6405576303351893,32.813041077803256,0.1662477482324954
60,0.3,random,202,63202,CC-Exact,True,7.65,4,7.65,0.0,0.0,True,0.9070247933884298,0.2756549856453154,0.8223140495867769,0.2184512065096363,45.35420777216273,0.2602682436272785,0.8388429752066116,0.6147587674736484,34.832280347724634,0.171033231350986
60,0.3,random,202,63202,Greedy,True,7.65,4,7.65,0.0,0.0,True,0.9070247933884298,0.2756549856453154,0.8223140495867769,0.2184512065096363,45.35420777216273,0.2602682436272785,0.8388429752066116,0.6147587674736484,34.832280347724634,0.171033231350986
60,0.3,random,202,63202,GA,True,7.65,4,7.65,0.0,0.0,True,0.9070247933884298,0.2756549856453154,0.8223140495867769,0.2184512065096363,45.35420777216273,0.2602682436272785,0.8553719008264463,0.6151950090799844,35.93329096127031,0.1717148516558591
60,0.3,random,202,63202,PSO,True,7.65,4,7.65,0.0,0.0,True,0.9070247933884298,0.2756549856453154,0.8223140495867769,0.2184512065096363,45.35420777216273,0.2602682436272785,0.8553719008264463,0.6151950090799844,35.93329096127031,0.1717148516558591
60,0.3,random,202,63202,NSGA-II,True,7.65,4,7.65,0.0,0.0,True,0.9070247933884298,0.2756549856453154,0.8223140495867769,0.2184512065096363,45.35420777216273,0.2602682436272785,0.8553719008264463,0.6151950090799844,35.93329096127031,0.1717148516558591
60,0.3,random,202,63202,Random,True,7.65,4,7.65,0.0,0.0,True,0.9070247933884298,0.2756549856453154,0.8223140495867769,0.2184512065096363,45.35420777216273,0.2602682436272785,0.8553719008264463,0.6151950090799844,35.93329096127031,0.1717148516558591
60,0.3,random,303,63303,CC-Exact,True,5.25,3,5.25,0.0,0.0,True,0.8698347107438017,0.2797161438165318,0.7871900826446281,0.2796870371763174,43.21095369882889,0.2236952902531196,0.8057851239669421,0.6105639379221894,34.979099382025694,0.1760265002513074
60,0.3,random,303,63303,Greedy,True,5.25,3,5.25,0.0,0.0,True,0.8698347107438017,0.2797161438165318,0.7871900826446281,0.2796870371763174,43.21095369882889,0.2236952902531196,0.8057851239669421,0.6105639379221894,34.979099382025694,0.1760265002513074
60,0.3,random,303,63303,GA,True,5.25,3,5.25,0.0,0.0,True,0.8698347107438017,0.2797161438165318,0.7871900826446281,0.2796870371763174,43.21095369882889,0.2236952902531196,0.8057851239669421,0.6105639379221894,34.979099382025694,0.1760265002513074
60,0.3,random,303,63303,PSO,True,5.25,3,5.25,0.0,0.0,True,0.8698347107438017,0.2797161438165318,0.7871900826446281,0.2796870371763174,43.21095369882889,0.2236952902531196,0.8057851239669421,0.6105639379221894,34.979099382025694,0.1760265002513074
60,0.3,random,303,63303,NSGA-II,True,5.25,3,5.25,0.0,0.0,True,0.8698347107438017,0.2797161438165318,0.7871900826446281,0.2796870371763174,43.21095369882889,0.2236952902531196,0.8057851239669421,0.6105639379221894,34.979099382025694,0.1760265002513074
60,0.3,random,303,63303,Random,True,5.25,3,5.25,0.0,0.0,True,0.8698347107438017,0.2797161438165318,0.7871900826446281,0.2796870371763174,43.21095369882889,0.2236952902531196,0.8057851239669421,0.6105639379221894,34.979099382025694,0.1760265002513074
60,0.3,clustered,101,63101,CC-Exact,True,4.8,2,4.8,0.0,0.0,True,0.859504132231405,0.300270005312535,0.7293388429752066,0.2693768762441478,43.57180933145483,0.2331882068262669,0.7293388429752066,0.621786486229567,31.237472981965155,0.1578842816637833
60,0.3,clustered,101,63101,Greedy,True,4.8,2,4.8,0.0,0.0,True,0.859504132231405,0.300270005312535,0.7293388429752066,0.2693768762441478,43.57180933145483,0.2331882068262669,0.7293388429752066,0.621786486229567,31.237472981965155,0.1578842816637833
60,0.3,clustered,101,63101,GA,True,5.25,3,4.8,0.4500000000000002,0.09375,False,0.859504132231405,0.300270005312535,0.7293388429752066,0.2693768762441478,43.57180933145483,0.2331882068262669,0.7727272727272727,0.6009356397249914,35.87422935381134,0.1704764265517707
60,0.3,clustered,101,63101,PSO,True,4.8,2,4.8,0.0,0.0,True,0.859504132231405,0.300270005312535,0.7293388429752066,0.2693768762441478,43.57180933145483,0.2331882068262669,0.7293388429752066,0.621786486229567,31.237472981965155,0.1578842816637833
60,0.3,clustered,101,63101,NSGA-II,True,4.8,2,4.8,0.0,0.0,True,0.859504132231405,0.300270005312535,0.7293388429752066,0.2693768762441478,43.57180933145483,0.2331882068262669,0.7293388429752066,0.621786486229567,31.237472981965155,0.1578842816637833
60,0.3,clustered,101,63101,Random,True,5.25,3,4.8,0.4500000000000002,0.09375,False,0.859504132231405,0.300270005312535,0.7293388429752066,0.2693768762441478,43.57180933145483,0.2331882068262669,0.7727272727272727,0.6009356397249914,35.87422935381134,0.1704764265517707
60,0.3,clustered,202,63202,CC-Exact,True,6.25,4,6.25,0.0,0.0,True,0.9070247933884298,0.2756549856453154,0.7086776859504132,0.2515491959028548,44.19577814340008,0.2469352125441287,0.7479338842975206,0.6009215385007854,33.05865524338161,0.1746104326044805
60,0.3,clustered,202,63202,Greedy,True,6.25,4,6.25,0.0,0.0,True,0.9070247933884298,0.2756549856453154,0.7086776859504132,0.2515491959028548,44.19577814340008,0.2469352125441287,0.737603305785124,0.6018401558932033,33.02650363464698,0.1744539823214338
60,0.3,clustered,202,63202,GA,True,6.25,4,6.25,0.0,0.0,True,0.9070247933884298,0.2756549856453154,0.7086776859504132,0.2515491959028548,44.19577814340008,0.2469352125441287,0.7479338842975206,0.6009215385007854,33.05865524338161,0.1746104326044805
60,0.3,clustered,202,63202,PSO,True,6.25,4,6.25,0.0,0.0,True,0.9070247933884298,0.2756549856453154,0.7086776859504132,0.2515491959028548,44.19577814340008,0.2469352125441287,0.7479338842975206,0.6009215385007854,33.05865524338161,0.1746104326044805
60,0.3,clustered,202,63202,NSGA-II,True,6.25,4,6.25,0.0,0.0,True,0.9070247933884298,0.2756549856453154,0.7086776859504132,0.2515491959028548,44.19577814340008,0.2469352125441287,0.7479338842975206,0.6009215385007854,33.05865524338161,0.1746104326044805
60,0.3,clustered,202,63202,Random,True,6.25,4,6.25,0.0,0.0,True,0.9070247933884298,0.2756549856453154,0.7086776859504132,0.2515491959028548,44.19577814340008,0.2469352125441287,0.7479338842975206,0.6009215385007854,33.05865524338161,0.1746104326044805
60,0.3,clustered,303,63303,CC-Exact,True,5.25,3,5.25,0.0,0.0,True,0.8698347107438017,0.2797161438165318,0.6838842975206612,0.2543529425174902,44.09764701188784,0.2381027372261851,0.7210743801652892,0.6108185937612328,35.5283259625429,0.181545033017752
60,0.3,clustered,303,63303,Greedy,True,5.25,3,5.25,0.0,0.0,True,0.8698347107438017,0.2797161438165318,0.6838842975206612,0.2543529425174902,44.09764701188784,0.2381027372261851,0.7210743801652892,0.6108185937612328,35.5283259625429,0.181545033017752
60,0.3,clustered,303,63303,GA,True,5.25,3,5.25,0.0,0.0,True,0.8698347107438017,0.2797161438165318,0.6838842975206612,0.2543529425174902,44.09764701188784,0.2381027372261851,0.7210743801652892,0.6108185937612328,35.5283259625429,0.181545033017752
60,0.3,clustered,303,63303,PSO,True,5.25,3,5.25,0.0,0.0,True,0.8698347107438017,0.2797161438165318,0.6838842975206612,0.2543529425174902,44.09764701188784,0.2381027372261851,0.7210743801652892,0.6108185937612328,35.5283259625429,0.181545033017752
60,0.3,clustered,303,63303,NSGA-II,True,5.25,3,5.25,0.0,0.0,True,0.8698347107438017,0.2797161438165318,0.6838842975206612,0.2543529425174902,44.09764701188784,0.2381027372261851,0.7210743801652892,0.6108185937612328,35.5283259625429,0.181545033017752
60,0.3,clustered,303,63303,Random,True,5.25,3,5.25,0.0,0.0,True,0.8698347107438017,0.2797161438165318,0.6838842975206612,0.2543529425174902,44.09764701188784,0.2381027372261851,0.7210743801652892,0.6108185937612328,35.5283259625429,0.181545033017752
60,0.3,gateway-near,101,63101,CC-Exact,True,7.65,4,7.65,0.0,0.0,True,0.859504132231405,0.300270005312535,0.7417355371900827,0.0833819049279175,50.08163332752288,0.2646127856291587,0.7582644628099173,0.6272215872098749,34.396081656956696,0.1707144483033049
60,0.3,gateway-near,101,63101,Greedy,True,8.9,5,7.65,1.25,0.1633986928104575,False,0.859504132231405,0.300270005312535,0.7417355371900827,0.0833819049279175,50.08163332752288,0.2646127856291587,0.7851239669421488,0.6357464160850176,35.11251180066074,0.1693970968004005
60,0.3,gateway-near,101,63101,GA,True,7.65,4,7.65,0.0,0.0,True,0.859504132231405,0.300270005312535,0.7417355371900827,0.0833819049279175,50.08163332752288,0.2646127856291587,0.7582644628099173,0.6272215872098749,34.396081656956696,0.1707144483033049
60,0.3,gateway-near,101,63101,PSO,True,7.65,4,7.65,0.0,0.0,True,0.859504132231405,0.300270005312535,0.7417355371900827,0.0833819049279175,50.08163332752288,0.2646127856291587,0.7582644628099173,0.6272215872098749,34.396081656956696,0.1707144483033049
60,0.3,gateway-near,101,63101,NSGA-II,True,7.65,4,7.65,0.0,0.0,True,0.859504132231405,0.300270005312535,0.7417355371900827,0.0833819049279175,50.08163332752288,0.2646127856291587,0.7582644628099173,0.6272215872098749,34.396081656956696,0.1707144483033049
60,0.3,gateway-near,101,63101,Random,True,7.65,4,7.65,0.0,0.0,True,0.859504132231405,0.300270005312535,0.7417355371900827,0.0833819049279175,50.08163332752288,0.2646127856291587,0.7582644628099173,0.6272215872098749,34.396081656956696,0.1707144483033049
60,0.3,gateway-near,202,63202,CC-Exact,False,,-1,,,,False,0.9070247933884298,0.2756549856453154,0.75,0.0438126384750911,51.46655765337181,0.3008536909635328,0.75,0.0438126384750911,51.46655765337181,0.3008536909635328
60,0.3,gateway-near,202,63202,Greedy,False,12.15,8,,,,False,0.9070247933884298,0.2756549856453154,0.75,0.0438126384750911,51.46655765337181,0.3008536909635328,0.859504132231405,0.5853138082346467,43.23742096710651,0.1806709213726484
60,0.3,gateway-near,202,63202,GA,False,12.15,8,,,,False,0.9070247933884298,0.2756549856453154,0.75,0.0438126384750911,51.46655765337181,0.3008536909635328,0.859504132231405,0.5853138082346467,43.23742096710651,0.1806709213726484
60,0.3,gateway-near,202,63202,PSO,False,12.15,8,,,,False,0.9070247933884298,0.2756549856453154,0.75,0.0438126384750911,51.46655765337181,0.3008536909635328,0.859504132231405,0.5853138082346467,43.23742096710651,0.1806709213726484
60,0.3,gateway-near,202,63202,NSGA-II,False,12.15,8,,,,False,0.9070247933884298,0.2756549856453154,0.75,0.0438126384750911,51.46655765337181,0.3008536909635328,0.859504132231405,0.5853138082346467,43.23742096710651,0.1806709213726484
60,0.3,gateway-near,202,63202,Random,False,11.15,7,,,,False,0.9070247933884298,0.2756549856453154,0.75,0.0438126384750911,51.46655765337181,0.3008536909635328,0.859504132231405,0.5765017126385585,43.257222666346095,0.1823465786405917
60,0.3,gateway-near,303,63303,CC-Exact,True,7.65,4,7.65,0.0,0.0,True,0.8698347107438017,0.2797161438165318,0.731404958677686,0.0705391222737056,50.53113072042029,0.2757577843333435,0.762396694214876,0.6156442821502255,36.4757059386956,0.1772651370819171
60,0.3,gateway-near,303,63303,Greedy,True,8.9,5,7.65,1.25,0.1633986928104575,False,0.8698347107438017,0.2797161438165318,0.731404958677686,0.0705391222737056,50.53113072042029,0.2757577843333435,0.78099173553719,0.6333601700331589,37.37784859429399,0.1751075310285942
60,0.3,gateway-near,303,63303,GA,True,7.65,4,7.65,0.0,0.0,True,0.8698347107438017,0.2797161438165318,0.731404958677686,0.0705391222737056,50.53113072042029,0.2757577843333435,0.762396694214876,0.6156442821502255,36.4757059386956,0.1772651370819171
60,0.3,gateway-near,303,63303,PSO,True,7.65,4,7.65,0.0,0.0,True,0.8698347107438017,0.2797161438165318,0.731404958677686,0.0705391222737056,50.53113072042029,0.2757577843333435,0.762396694214876,0.6156442821502255,36.4757059386956,0.1772651370819171
60,0.3,gateway-near,303,63303,NSGA-II,True,7.65,4,7.65,0.0,0.0,True,0.8698347107438017,0.2797161438165318,0.731404958677686,0.0705391222737056,50.53113072042029,0.2757577843333435,0.762396694214876,0.6156442821502255,36.4757059386956,0.1772651370819171
60,0.3,gateway-near,303,63303,Random,True,7.65,4,7.65,0.0,0.0,True,0.8698347107438017,0.2797161438165318,0.731404958677686,0.0705391222737056,50.53113072042029,0.2757577843333435,0.762396694214876,0.6156442821502255,36.4757059386956,0.1772651370819171
60,0.3,peripheral,101,63101,CC-Exact,True,2.85,2,2.85,0.0,0.0,True,0.859504132231405,0.300270005312535,0.5909090909090909,0.4265412765015494,38.071055322445766,0.1579212914736574,0.6074380165289256,0.6040364929248367,34.091280887165595,0.1569422402249738
60,0.3,peripheral,101,63101,Greedy,True,2.85,2,2.85,0.0,0.0,True,0.859504132231405,0.300270005312535,0.5909090909090909,0.4265412765015494,38.071055322445766,0.1579212914736574,0.6074380165289256,0.6040364929248367,34.091280887165595,0.1569422402249738
60,0.3,peripheral,101,63101,GA,True,2.85,2,2.85,0.0,0.0,True,0.859504132231405,0.300270005312535,0.5909090909090909,0.4265412765015494,38.071055322445766,0.1579212914736574,0.6074380165289256,0.6040364929248367,34.091280887165595,0.1569422402249738
60,0.3,peripheral,101,63101,PSO,True,2.85,2,2.85,0.0,0.0,True,0.859504132231405,0.300270005312535,0.5909090909090909,0.4265412765015494,38.071055322445766,0.1579212914736574,0.6074380165289256,0.6040364929248367,34.091280887165595,0.1569422402249738
60,0.3,peripheral,101,63101,NSGA-II,True,2.85,2,2.85,0.0,0.0,True,0.859504132231405,0.300270005312535,0.5909090909090909,0.4265412765015494,38.071055322445766,0.1579212914736574,0.6074380165289256,0.6040364929248367,34.091280887165595,0.1569422402249738
60,0.3,peripheral,101,63101,Random,True,2.85,2,2.85,0.0,0.0,True,0.859504132231405,0.300270005312535,0.5909090909090909,0.4265412765015494,38.071055322445766,0.1579212914736574,0.6074380165289256,0.6040364929248367,34.091280887165595,0.1569422402249738
60,0.3,peripheral,202,63202,CC-Exact,True,4.0,2,4.0,0.0,0.0,True,0.9070247933884298,0.2756549856453154,0.6859504132231405,0.3930127854061911,39.24455251078331,0.1859205158574648,0.6859504132231405,0.6724156182670187,29.465453360654344,0.1474049700125543
60,0.3,peripheral,202,63202,Greedy,True,4.0,2,4.0,0.0,0.0,True,0.9070247933884298,0.2756549856453154,0.6859504132231405,0.3930127854061911,39.24455251078331,0.1859205158574648,0.6859504132231405,0.6724156182670187,29.465453360654344,0.1474049700125543
60,0.3,peripheral,202,63202,GA,True,4.0,2,4.0,0.0,0.0,True,0.9070247933884298,0.2756549856453154,0.6859504132231405,0.3930127854061911,39.24455251078331,0.1859205158574648,0.6859504132231405,0.6724156182670187,29.465453360654344,0.1474049700125543
60,0.3,peripheral,202,63202,PSO,True,4.0,2,4.0,0.0,0.0,True,0.9070247933884298,0.2756549856453154,0.6859504132231405,0.3930127854061911,39.24455251078331,0.1859205158574648,0.6859504132231405,0.6724156182670187,29.465453360654344,0.1474049700125543
60,0.3,peripheral,202,63202,NSGA-II,True,4.0,2,4.0,0.0,0.0,True,0.9070247933884298,0.2756549856453154,0.6859504132231405,0.3930127854061911,39.24455251078331,0.1859205158574648,0.6859504132231405,0.6724156182670187,29.465453360654344,0.1474049700125543
60,0.3,peripheral,202,63202,Random,True,4.0,2,4.0,0.0,0.0,True,0.9070247933884298,0.2756549856453154,0.6859504132231405,0.3930127854061911,39.24455251078331,0.1859205158574648,0.6859504132231405,0.6724156182670187,29.465453360654344,0.1474049700125543
60,0.3,peripheral,303,63303,CC-Exact,True,4.0,2,4.0,0.0,0.0,True,0.8698347107438017,0.2797161438165318,0.6425619834710744,0.3981401170441664,39.06509590345418,0.16627518175403,0.6425619834710744,0.6676004111819265,29.63398560863257,0.1430458194176723
60,0.3,peripheral,303,63303,Greedy,True,4.0,2,4.0,0.0,0.0,True,0.8698347107438017,0.2797161438165318,0.6425619834710744,0.3981401170441664,39.06509590345418,0.16627518175403,0.6425619834710744,0.6676004111819265,29.63398560863257,0.1430458194176723
60,0.3,peripheral,303,63303,GA,True,4.0,2,4.0,0.0,0.0,True,0.8698347107438017,0.2797161438165318,0.6425619834710744,0.3981401170441664,39.06509590345418,0.16627518175403,0.6425619834710744,0.6676004111819265,29.63398560863257,0.1430458194176723
60,0.3,peripheral,303,63303,PSO,True,4.0,2,4.0,0.0,0.0,True,0.8698347107438017,0.2797161438165318,0.6425619834710744,0.3981401170441664,39.06509590345418,0.16627518175403,0.6425619834710744,0.6676004111819265,29.63398560863257,0.1430458194176723
60,0.3,peripheral,303,63303,NSGA-II,True,4.0,2,4.0,0.0,0.0,True,0.8698347107438017,0.2797161438165318,0.6425619834710744,0.3981401170441664,39.06509590345418,0.16627518175403,0.6425619834710744,0.6676004111819265,29.63398560863257,0.1430458194176723
60,0.3,peripheral,303,63303,Random,True,4.0,2,4.0,0.0,0.0,True,0.8698347107438017,0.2797161438165318,0.6425619834710744,0.3981401170441664,39.06509590345418,0.16627518175403,0.6425619834710744,0.6711100356200486,29.511148753298297,0.1448867438839349
60,0.3,coverage-critical,101,63101,CC-Exact,True,4.0,2,4.0,0.0,0.0,True,0.859504132231405,0.300270005312535,0.6301652892561983,0.404858145032177,38.8299649238738,0.1778499104595475,0.6301652892561983,0.6235846161013099,31.17453843645416,0.1585973911703753
60,0.3,coverage-critical,101,63101,Greedy,True,4.1,3,4.0,0.0999999999999996,0.0249999999999999,False,0.859504132231405,0.300270005312535,0.6301652892561983,0.404858145032177,38.8299649238738,0.1778499104595475,0.6632231404958677,0.6124816115333764,35.92677995996819,0.163801470362367
60,0.3,coverage-critical,101,63101,GA,True,4.1,3,4.0,0.0999999999999996,0.0249999999999999,False,0.859504132231405,0.300270005312535,0.6301652892561983,0.404858145032177,38.8299649238738,0.1778499104595475,0.6632231404958677,0.6124816115333764,35.92677995996819,0.163801470362367
60,0.3,coverage-critical,101,63101,PSO,True,4.0,2,4.0,0.0,0.0,True,0.859504132231405,0.300270005312535,0.6301652892561983,0.404858145032177,38.8299649238738,0.1778499104595475,0.6301652892561983,0.6371664477789641,30.69917432773625,0.1573492482477966
60,0.3,coverage-critical,101,63101,NSGA-II,True,4.0,2,4.0,0.0,0.0,True,0.859504132231405,0.300270005312535,0.6301652892561983,0.404858145032177,38.8299649238738,0.1778499104595475,0.6301652892561983,0.6235846161013099,31.17453843645416,0.1585973911703753
60,0.3,coverage-critical,101,63101,Random,True,4.0,2,4.0,0.0,0.0,True,0.859504132231405,0.300270005312535,0.6301652892561983,0.404858145032177,38.8299649238738,0.1778499104595475,0.6301652892561983,0.6235846161013099,31.17453843645416,0.1585973911703753
60,0.3,coverage-critical,202,63202,CC-Exact,True,7.4,4,7.4,0.0,0.0,True,0.9070247933884298,0.2756549856453154,0.5888429752066116,0.316388456365905,41.92640402719332,0.2234891104590859,0.6053719008264463,0.6083097811286152,31.709157660498477,0.1679912500467818
60,0.3,coverage-critical,202,63202,Greedy,True,7.5,5,7.4,0.0999999999999996,0.0135135135135134,False,0.9070247933884298,0.2756549856453154,0.5888429752066116,0.316388456365905,41.92640402719332,0.2234891104590859,0.6425619834710744,0.604013119024448,36.12620750081098,0.174083390523367
60,0.3,coverage-critical,202,63202,GA,True,7.4,4,7.4,0.0,0.0,True,0.9070247933884298,0.2756549856453154,0.5888429752066116,0.316388456365905,41.92640402719332,0.2234891104590859,0.6053719008264463,0.6083097811286152,31.709157660498477,0.1679912500467818
60,0.3,coverage-critical,202,63202,PSO,True,7.4,4,7.4,0.0,0.0,True,0.9070247933884298,0.2756549856453154,0.5888429752066116,0.316388456365905,41.92640402719332,0.2234891104590859,0.6053719008264463,0.6083097811286152,31.709157660498477,0.1679912500467818
60,0.3,coverage-critical,202,63202,NSGA-II,True,7.4,4,7.4,0.0,0.0,True,0.9070247933884298,0.2756549856453154,0.5888429752066116,0.316388456365905,41.92640402719332,0.2234891104590859,0.6053719008264463,0.6083097811286152,31.709157660498477,0.1679912500467818
60,0.3,coverage-critical,202,63202,Random,True,7.4,4,7.4,0.0,0.0,True,0.9070247933884298,0.2756549856453154,0.5888429752066116,0.316388456365905,41.92640402719332,0.2234891104590859,0.6053719008264463,0.6083097811286152,31.709157660498477,0.1679912500467818
60,0.3,coverage-critical,303,63303,CC-Exact,True,4.0,2,4.0,0.0,0.0,True,0.8698347107438017,0.2797161438165318,0.6260330578512396,0.3568841395130625,40.50905511704282,0.1940589282310174,0.6260330578512396,0.6393970201508203,30.621104294721288,0.1588855323222946
60,0.3,coverage-critical,303,63303,Greedy,True,4.0,2,4.0,0.0,0.0,True,0.8698347107438017,0.2797161438165318,0.6260330578512396,0.3568841395130625,40.50905511704282,0.1940589282310174,0.6260330578512396,0.6393970201508203,30.621104294721288,0.1588855323222946
60,0.3,coverage-critical,303,63303,GA,True,4.0,2,4.0,0.0,0.0,True,0.8698347107438017,0.2797161438165318,0.6260330578512396,0.3568841395130625,40.50905511704282,0.1940589282310174,0.6260330578512396,0.6393970201508203,30.621104294721288,0.1588855323222946
60,0.3,coverage-critical,303,63303,PSO,True,4.0,2,4.0,0.0,0.0,True,0.8698347107438017,0.2797161438165318,0.6260330578512396,0.3568841395130625,40.50905511704282,0.1940589282310174,0.6260330578512396,0.6393970201508203,30.621104294721288,0.1588855323222946
60,0.3,coverage-critical,303,63303,NSGA-II,True,4.0,2,4.0,0.0,0.0,True,0.8698347107438017,0.2797161438165318,0.6260330578512396,0.3568841395130625,40.50905511704282,0.1940589282310174,0.6260330578512396,0.6393970201508203,30.621104294721288,0.1588855323222946
60,0.3,coverage-critical,303,63303,Random,True,5.0,3,4.0,1.0,0.25,False,0.8698347107438017,0.2797161438165318,0.6260330578512396,0.3568841395130625,40.50905511704282,0.1940589282310174,0.6466942148760331,0.625004177830435,31.12485377593477,0.1628260024477079
60,0.45,random,101,64601,CC-Exact,True,6.4,3,6.4,0.0,0.0,True,0.9152892561983472,0.223359564333072,0.7148760330578512,0.2530822093122386,44.14212267407164,0.2323464806932773,0.7148760330578512,0.631674695327629,30.891385663532983,0.1642167846524877
60,0.45,random,101,64601,Greedy,True,7.5,5,6.4,1.0999999999999996,0.1718749999999999,False,0.9152892561983472,0.223359564333072,0.7148760330578512,0.2530822093122386,44.14212267407164,0.2323464806932773,0.756198347107438,0.610518678169917,37.6318462640529,0.1659495900719739
60,0.45,random,101,64601,GA,True,6.4,3,6.4,0.0,0.0,True,0.9152892561983472,0.223359564333072,0.7148760330578512,0.2530822093122386,44.14212267407164,0.2323464806932773,0.7148760330578512,0.631674695327629,30.891385663532983,0.1642167846524877
60,0.45,random,101,64601,PSO,True,6.4,3,6.4,0.0,0.0,True,0.9152892561983472,0.223359564333072,0.7148760330578512,0.2530822093122386,44.14212267407164,0.2323464806932773,0.7148760330578512,0.631674695327629,30.891385663532983,0.1642167846524877
60,0.45,random,101,64601,NSGA-II,True,6.4,3,6.4,0.0,0.0,True,0.9152892561983472,0.223359564333072,0.7148760330578512,0.2530822093122386,44.14212267407164,0.2323464806932773,0.7148760330578512,0.631674695327629,30.891385663532983,0.1642167846524877
60,0.45,random,101,64601,Random,True,6.4,3,6.4,0.0,0.0,True,0.9152892561983472,0.223359564333072,0.7148760330578512,0.2530822093122386,44.14212267407164,0.2323464806932773,0.7148760330578512,0.631674695327629,30.891385663532983,0.1642167846524877
60,0.45,random,202,64702,CC-Exact,True,4.8,2,4.8,0.0,0.0,True,0.8491735537190083,0.2380214582097764,0.6694214876033058,0.2509345851540237,44.21728951960917,0.2593650593121216,0.6694214876033058,0.602432400249527,31.91486599126656,0.1477732058867418
60,0.45,random,202,64702,Greedy,True,5.25,3,4.8,0.4500000000000002,0.09375,False,0.8491735537190083,0.2380214582097764,0.6694214876033058,0.2509345851540237,44.21728951960917,0.2593650593121216,0.6859504132231405,0.6025541234545124,34.028252737915594,0.179044231635139
60,0.45,random,202,64702,GA,True,4.8,2,4.8,0.0,0.0,True,0.8491735537190083,0.2380214582097764,0.6694214876033058,0.2509345851540237,44.21728951960917,0.2593650593121216,0.6694214876033058,0.602432400249527,31.91486599126656,0.1477732058867418
60,0.45,random,202,64702,PSO,True,4.8,2,4.8,0.0,0.0,True,0.8491735537190083,0.2380214582097764,0.6694214876033058,0.2509345851540237,44.21728951960917,0.2593650593121216,0.6694214876033058,0.602432400249527,31.91486599126656,0.1477732058867418
60,0.45,random,202,64702,NSGA-II,True,4.8,2,4.8,0.0,0.0,True,0.8491735537190083,0.2380214582097764,0.6694214876033058,0.2509345851540237,44.21728951960917,0.2593650593121216,0.6694214876033058,0.602432400249527,31.91486599126656,0.1477732058867418
60,0.45,random,202,64702,Random,True,5.25,3,4.8,0.4500000000000002,0.09375,False,0.8491735537190083,0.2380214582097764,0.6694214876033058,0.2509345851540237,44.21728951960917,0.2593650593121216,0.7066115702479339,0.645861034358414,33.92427556216139,0.1742943033994276
60,0.45,random,303,64803,CC-Exact,True,4.8,2,4.8,0.0,0.0,True,0.9194214876033058,0.2780942080686203,0.7727272727272727,0.2920966031879173,42.77661888842289,0.2390383450066766,0.7727272727272727,0.6542454490716004,30.101409282493982,0.1536483758138327
60,0.45,random,303,64803,Greedy,True,5.25,3,4.8,0.4500000000000002,0.09375,False,0.9194214876033058,0.2780942080686203,0.7727272727272727,0.2920966031879173,42.77661888842289,0.2390383450066766,0.7995867768595041,0.6195740032408532,34.84432165127602,0.1859052235820893
60,0.45,random,303,64803,GA,True,4.8,2,4.8,0.0,0.0,True,0.9194214876033058,0.2780942080686203,0.7727272727272727,0.2920966031879173,42.77661888842289,0.2390383450066766,0.7727272727272727,0.6542454490716004,30.101409282493982,0.1536483758138327
60,0.45,random,303,64803,PSO,True,4.8,2,4.8,0.0,0.0,True,0.9194214876033058,0.2780942080686203,0.7727272727272727,0.2920966031879173,42.77661888842289,0.2390383450066766,0.7727272727272727,0.6542454490716004,30.101409282493982,0.1536483758138327
60,0.45,random,303,64803,NSGA-II,True,4.8,2,4.8,0.0,0.0,True,0.9194214876033058,0.2780942080686203,0.7727272727272727,0.2920966031879173,42.77661888842289,0.2390383450066766,0.7727272727272727,0.6542454490716004,30.101409282493982,0.1536483758138327
60,0.45,random,303,64803,Random,True,5.25,3,4.8,0.4500000000000002,0.09375,False,0.9194214876033058,0.2780942080686203,0.7727272727272727,0.2920966031879173,42.77661888842289,0.2390383450066766,0.7995867768595041,0.6195740032408532,34.84432165127602,0.1859052235820893
60,0.45,clustered,101,64601,CC-Exact,True,5.8,3,5.8,0.0,0.0,True,0.9152892561983472,0.223359564333072,0.6074380165289256,0.1628025498023221,47.30191075691874,0.25537635580944,0.640495867768595,0.6038114137618521,31.866600518335183,0.1473573543170505
60,0.45,clustered,101,64601,Greedy,True,5.8,3,5.8,0.0,0.0,True,0.9152892561983472,0.223359564333072,0.6074380165289256,0.1628025498023221,47.30191075691874,0.25537635580944,0.640495867768595,0.6038114137618521,31.866600518335183,0.1473573543170505
60,0.45,clustered,101,64601,GA,True,5.8,3,5.8,0.0,0.0,True,0.9152892561983472,0.223359564333072,0.6074380165289256,0.1628025498023221,47.30191075691874,0.25537635580944,0.640495867768595,0.6038114137618521,31.866600518335183,0.1473573543170505
60,0.45,clustered,101,64601,PSO,True,5.8,3,5.8,0.0,0.0,True,0.9152892561983472,0.223359564333072,0.6074380165289256,0.1628025498023221,47.30191075691874,0.25537635580944,0.640495867768595,0.6038114137618521,31.866600518335183,0.1473573543170505
60,0.45,clustered,101,64601,NSGA-II,True,5.8,3,5.8,0.0,0.0,True,0.9152892561983472,0.223359564333072,0.6074380165289256,0.1628025498023221,47.30191075691874,0.25537635580944,0.640495867768595,0.6053973049007842,31.811094328472564,0.1468545756798802
60,0.45,clustered,101,64601,Random,True,6.05,3,5.8,0.25,0.043103448275862,False,0.9152892561983472,0.223359564333072,0.6074380165289256,0.1628025498023221,47.30191075691874,0.25537635580944,0.6239669421487604,0.6059587869733845,32.497324808872726,0.1472445374336451
60,0.45,clustered,202,64702,CC-Exact,True,6.8,4,6.8,0.0,0.0,True,0.8491735537190083,0.2380214582097764,0.5371900826446281,0.1899430972437515,46.35199159646869,0.2894852744086872,0.6239669421487604,0.7047067370094116,28.33526420467059,0.1327989281915003
60,0.45,clustered,202,64702,Greedy,True,6.8,4,6.8,0.0,0.0,True,0.8491735537190083,0.2380214582097764,0.5371900826446281,0.1899430972437515,46.35199159646869,0.2894852744086872,0.6239669421487604,0.7047067370094116,28.33526420467059,0.1327989281915003
60,0.45,clustered,202,64702,GA,True,6.8,4,6.8,0.0,0.0,True,0.8491735537190083,0.2380214582097764,0.5371900826446281,0.1899430972437515,46.35199159646869,0.2894852744086872,0.6239669421487604,0.7047067370094116,28.33526420467059,0.1327989281915003
60,0.45,clustered,202,64702,PSO,True,6.8,4,6.8,0.0,0.0,True,0.8491735537190083,0.2380214582097764,0.5371900826446281,0.1899430972437515,46.35199159646869,0.2894852744086872,0.6239669421487604,0.7047067370094116,28.33526420467059,0.1327989281915003
60,0.45,clustered,202,64702,NSGA-II,True,6.8,4,6.8,0.0,0.0,True,0.8491735537190083,0.2380214582097764,0.5371900826446281,0.1899430972437515,46.35199159646869,0.2894852744086872,0.6239669421487604,0.7047067370094116,28.33526420467059,0.1327989281915003
60,0.45,clustered,202,64702,Random,True,7.05,4,6.8,0.25,0.0367647058823529,False,0.8491735537190083,0.2380214582097764,0.5371900826446281,0.1899430972437515,46.35199159646869,0.2894852744086872,0.6074380165289256,0.7135030901788555,28.713106129454346,0.1318321267025016
60,0.45,clustered,303,64803,CC-Exact,True,8.9,5,8.9,0.0,0.0,True,0.9194214876033058,0.2780942080686203,0.628099173553719,0.1937517604965431,46.21868838262099,0.2672690728886211,0.6859504132231405,0.6005201975653701,34.0389359423549,0.1818521552253495
60,0.45,clustered,303,64803,Greedy,True,9.65,6,8.9,0.75,0.0842696629213483,False,0.9194214876033058,0.2780942080686203,0.628099173553719,0.1937517604965431,46.21868838262099,0.2672690728886211,0.7086776859504132,0.6007039074792943,33.97536323822469,0.1820563688440087
60,0.45,clustered,303,64803,GA,True,8.9,5,8.9,0.0,0.0,True,0.9194214876033058,0.2780942080686203,0.628099173553719,0.1937517604965431,46.21868838262099,0.2672690728886211,0.6859504132231405,0.6005201975653701,34.0389359423549,0.1818521552253495
60,0.45,clustered,303,64803,PSO,True,8.9,5,8.9,0.0,0.0,True,0.9194214876033058,0.2780942080686203,0.628099173553719,0.1937517604965431,46.21868838262099,0.2672690728886211,0.6859504132231405,0.6005201975653701,34.0389359423549,0.1818521552253495
60,0.45,clustered,303,64803,NSGA-II,True,8.9,5,8.9,0.0,0.0,True,0.9194214876033058,0.2780942080686203,0.628099173553719,0.1937517604965431,46.21868838262099,0.2672690728886211,0.7024793388429752,0.6005201975653701,34.0389359423549,0.1818521552253495
60,0.45,clustered,303,64803,Random,True,8.9,5,8.9,0.0,0.0,True,0.9194214876033058,0.2780942080686203,0.628099173553719,0.1937517604965431,46.21868838262099,0.2672690728886211,0.7024793388429752,0.6005201975653701,34.0389359423549,0.1818521552253495
60,0.45,gateway-near,101,64601,CC-Exact,True,7.65,4,7.65,0.0,0.0,True,0.9152892561983472,0.223359564333072,0.6157024793388429,0.0082652458172894,52.71071639639487,0.3163852814216626,0.6590909090909091,0.6431502583798742,34.72503507435146,0.1649774255249123
60,0.45,gateway-near,101,64601,Greedy,True,7.65,4,7.65,0.0,0.0,True,0.9152892561983472,0.223359564333072,0.6157024793388429,0.0082652458172894,52.71071639639487,0.3163852814216626,0.6590909090909091,0.6431502583798742,34.72503507435146,0.1649774255249123
60,0.45,gateway-near,101,64601,GA,True,7.65,4,7.65,0.0,0.0,True,0.9152892561983472,0.223359564333072,0.6157024793388429,0.0082652458172894,52.71071639639487,0.3163852814216626,0.6590909090909091,0.6431502583798742,34.72503507435146,0.1649774255249123
60,0.45,gateway-near,101,64601,PSO,True,7.65,4,7.65,0.0,0.0,True,0.9152892561983472,0.223359564333072,0.6157024793388429,0.0082652458172894,52.71071639639487,0.3163852814216626,0.6590909090909091,0.6431502583798742,34.72503507435146,0.1649774255249123
60,0.45,gateway-near,101,64601,NSGA-II,True,7.65,4,7.65,0.0,0.0,True,0.9152892561983472,0.223359564333072,0.6157024793388429,0.0082652458172894,52.71071639639487,0.3163852814216626,0.6590909090909091,0.6431502583798742,34.72503507435146,0.1649774255249123
60,0.45,gateway-near,101,64601,Random,True,7.65,4,7.65,0.0,0.0,True,0.9152892561983472,0.223359564333072,0.6157024793388429,0.0082652458172894,52.71071639639487,0.3163852814216626,0.6590909090909091,0.6431502583798742,34.72503507435146,0.1649774255249123
60,0.45,gateway-near,202,64702,CC-Exact,True,11.15,7,11.15,0.0,0.0,True,0.8491735537190083,0.2380214582097764,0.53099173553719,0.0078028740957774,52.72689940664779,0.3462716795720644,0.6611570247933884,0.6067858930194276,37.60033158215786,0.1772844661976528
60,0.45,gateway-near,202,64702,Greedy,True,11.15,7,11.15,0.0,0.0,True,0.8491735537190083,0.2380214582097764,0.53099173553719,0.0078028740957774,52.72689940664779,0.3462716795720644,0.6611570247933884,0.6067858930194276,37.60033158215786,0.1772844661976528
60,0.45,gateway-near,202,64702,GA,True,11.15,7,11.15,0.0,0.0,True,0.8491735537190083,0.2380214582097764,0.53099173553719,0.0078028740957774,52.72689940664779,0.3462716795720644,0.6611570247933884,0.6067858930194276,37.60033158215786,0.1772844661976528
60,0.45,gateway-near,202,64702,PSO,True,11.15,7,11.15,0.0,0.0,True,0.8491735537190083,0.2380214582097764,0.53099173553719,0.0078028740957774,52.72689940664779,0.3462716795720644,0.6611570247933884,0.6067858930194276,37.60033158215786,0.1772844661976528
60,0.45,gateway-near,202,64702,NSGA-II,True,11.15,7,11.15,0.0,0.0,True,0.8491735537190083,0.2380214582097764,0.53099173553719,0.0078028740957774,52.72689940664779,0.3462716795720644,0.6611570247933884,0.6067858930194276,37.60033158215786,0.1772844661976528
60,0.45,gateway-near,202,64702,Random,True,11.15,7,11.15,0.0,0.0,True,0.8491735537190083,0.2380214582097764,0.53099173553719,0.0078028740957774,52.72689940664779,0.3462716795720644,0.6611570247933884,0.6067858930194276,37.60033158215786,0.1772844661976528
60,0.45,gateway-near,303,64803,CC-Exact,True,12.15,8,12.15,0.0,0.0,True,0.9194214876033058,0.2780942080686203,0.6363636363636364,0.0107962196074892,52.62213231373788,0.333689156373654,0.7582644628099173,0.6056511839236879,42.53905066793407,0.1795624856332335
60,0.45,gateway-near,303,64803,Greedy,True,12.15,8,12.15,0.0,0.0,True,0.9194214876033058,0.2780942080686203,0.6363636363636364,0.0107962196074892,52.62213231373788,0.333689156373654,0.7582644628099173,0.6056511839236879,42.53905066793407,0.1795624856332335
60,0.45,gateway-near,303,64803,GA,True,12.15,8,12.15,0.0,0.0,True,0.9194214876033058,0.2780942080686203,0.6363636363636364,0.0107962196074892,52.62213231373788,0.333689156373654,0.7582644628099173,0.6056511839236879,42.53905066793407,0.1795624856332335
60,0.45,gateway-near,303,64803,PSO,True,12.15,8,12.15,0.0,0.0,True,0.9194214876033058,0.2780942080686203,0.6363636363636364,0.0107962196074892,52.62213231373788,0.333689156373654,0.7582644628099173,0.6056511839236879,42.53905066793407,0.1795624856332335
60,0.45,gateway-near,303,64803,NSGA-II,True,12.15,8,12.15,0.0,0.0,True,0.9194214876033058,0.2780942080686203,0.6363636363636364,0.0107962196074892,52.62213231373788,0.333689156373654,0.7582644628099173,0.6056511839236879,42.53905066793407,0.1795624856332335
60,0.45,gateway-near,303,64803,Random,False,11.15,7,12.15,,,False,0.9194214876033058,0.2780942080686203,0.6363636363636364,0.0107962196074892,52.62213231373788,0.333689156373654,0.743801652892562,0.5956109213283245,43.18064478053566,0.1821072717689356
60,0.45,peripheral,101,64601,CC-Exact,True,5.0,3,5.0,0.0,0.0,True,0.9152892561983472,0.223359564333072,0.5826446280991735,0.4018853310947602,38.9340134116834,0.1680922054077999,0.6115702479338843,0.6593807405968448,29.92167407911043,0.1460338324553639
60,0.45,peripheral,101,64601,Greedy,True,6.25,4,5.0,1.25,0.25,False,0.9152892561983472,0.223359564333072,0.5826446280991735,0.4018853310947602,38.9340134116834,0.1680922054077999,0.628099173553719,0.6690901518385997,30.267558971363297,0.1444328658137821
60,0.45,peripheral,101,64601,GA,True,5.0,3,5.0,0.0,0.0,True,0.9152892561983472,0.223359564333072,0.5826446280991735,0.4018853310947602,38.9340134116834,0.1680922054077999,0.6115702479338843,0.6358156078499538,30.74645372525161,0.1491306701304198
60,0.45,peripheral,101,64601,PSO,True,5.0,3,5.0,0.0,0.0,True,0.9152892561983472,0.223359564333072,0.5826446280991735,0.4018853310947602,38.9340134116834,0.1680922054077999,0.6053719008264463,0.6869036776716644,28.95837128149175,0.1399374185131547
60,0.45,peripheral,101,64601,NSGA-II,True,5.0,3,5.0,0.0,0.0,True,0.9152892561983472,0.223359564333072,0.5826446280991735,0.4018853310947602,38.9340134116834,0.1680922054077999,0.6115702479338843,0.6358156078499538,30.74645372525161,0.1491306701304198
60,0.45,peripheral,101,64601,Random,True,5.0,3,5.0,0.0,0.0,True,0.9152892561983472,0.223359564333072,0.5826446280991735,0.4018853310947602,38.9340134116834,0.1680922054077999,0.6053719008264463,0.6090251680293096,31.684119118974163,0.1546653659468371
60,0.45,peripheral,202,64702,CC-Exact,True,5.1,4,5.1,0.0,0.0,True,0.8491735537190083,0.2380214582097764,0.5578512396694215,0.4299818604169126,37.950634885408064,0.1609949638102389,0.6115702479338843,0.6109832058730899,34.94892112777519,0.1570704239995594
60,0.45,peripheral,202,64702,Greedy,True,5.1,4,5.1,0.0,0.0,True,0.8491735537190083,0.2380214582097764,0.5578512396694215,0.4299818604169126,37.950634885408064,0.1609949638102389,0.6115702479338843,0.6109832058730899,34.94892112777519,0.1570704239995594
60,0.45,peripheral,202,64702,GA,True,5.1,4,5.1,0.0,0.0,True,0.8491735537190083,0.2380214582097764,0.5578512396694215,0.4299818604169126,37.950634885408064,0.1609949638102389,0.6157024793388429,0.6044695645035228,35.176898575710034,0.1579213159433614
60,0.45,peripheral,202,64702,PSO,True,5.1,4,5.1,0.0,0.0,True,0.8491735537190083,0.2380214582097764,0.5578512396694215,0.4299818604169126,37.950634885408064,0.1609949638102389,0.6115702479338843,0.6109832058730899,34.94892112777519,0.1570704239995594
60,0.45,peripheral,202,64702,NSGA-II,True,5.1,4,5.1,0.0,0.0,True,0.8491735537190083,0.2380214582097764,0.5578512396694215,0.4299818604169126,37.950634885408064,0.1609949638102389,0.6115702479338843,0.6109832058730899,34.94892112777519,0.1570704239995594
60,0.45,peripheral,202,64702,Random,True,5.1,4,5.1,0.0,0.0,True,0.8491735537190083,0.2380214582097764,0.5578512396694215,0.4299818604169126,37.950634885408064,0.1609949638102389,0.6115702479338843,0.6109832058730899,34.94892112777519,0.1570704239995594
60,0.45,peripheral,303,64803,CC-Exact,True,6.1,5,6.1,0.0,0.0,True,0.9194214876033058,0.2780942080686203,0.5371900826446281,0.5027220652225883,35.404727717209404,0.1476676584145546,0.6157024793388429,0.6335980710463744,32.77001345932283,0.1506494264293032
60,0.45,peripheral,303,64803,Greedy,True,6.1,5,6.1,0.0,0.0,True,0.9194214876033058,0.2780942080686203,0.5371900826446281,0.5027220652225883,35.404727717209404,0.1476676584145546,0.6157024793388429,0.6335980710463744,32.77001345932283,0.1506494264293032
60,0.45,peripheral,303,64803,GA,True,6.1,5,6.1,0.0,0.0,True,0.9194214876033058,0.2780942080686203,0.5371900826446281,0.5027220652225883,35.404727717209404,0.1476676584145546,0.6157024793388429,0.6335980710463744,32.77001345932283,0.1506494264293032
60,0.45,peripheral,303,64803,PSO,True,6.1,5,6.1,0.0,0.0,True,0.9194214876033058,0.2780942080686203,0.5371900826446281,0.5027220652225883,35.404727717209404,0.1476676584145546,0.6157024793388429,0.6335980710463744,32.77001345932283,0.1506494264293032
60,0.45,peripheral,303,64803,NSGA-II,True,6.1,5,6.1,0.0,0.0,True,0.9194214876033058,0.2780942080686203,0.5371900826446281,0.5027220652225883,35.404727717209404,0.1476676584145546,0.6157024793388429,0.6335980710463744,32.77001345932283,0.1506494264293032
60,0.45,peripheral,303,64803,Random,True,6.1,5,6.1,0.0,0.0,True,0.9194214876033058,0.2780942080686203,0.5371900826446281,0.5027220652225883,35.404727717209404,0.1476676584145546,0.6157024793388429,0.6310258783270236,32.21139155585146,0.1510799047499923
60,0.45,coverage-critical,101,64601,CC-Exact,True,6.25,4,6.25,0.0,0.0,True,0.9152892561983472,0.223359564333072,0.5557851239669421,0.2954570067328292,42.659004764350975,0.2142429679949463,0.6012396694214877,0.6871649133825048,32.37779946018375,0.1483305627166943
60,0.45,coverage-critical,101,64601,Greedy,True,6.9,5,6.25,0.6500000000000004,0.104,False,0.9152892561983472,0.223359564333072,0.5557851239669421,0.2954570067328292,42.659004764350975,0.2142429679949463,0.6301652892561983,0.6058385940983382,35.687541098450055,0.1446783482739803
60,0.45,coverage-critical,101,64601,GA,True,6.25,4,6.25,0.0,0.0,True,0.9152892561983472,0.223359564333072,0.5557851239669421,0.2954570067328292,42.659004764350975,0.2142429679949463,0.6115702479338843,0.6875052944688841,32.365886122160475,0.1479999247101587
60,0.45,coverage-critical,101,64601,PSO,True,6.25,4,6.25,0.0,0.0,True,0.9152892561983472,0.223359564333072,0.5557851239669421,0.2954570067328292,42.659004764350975,0.2142429679949463,0.6115702479338843,0.6875052944688841,32.365886122160475,0.1479999247101587
60,0.45,coverage-critical,101,64601,NSGA-II,True,6.25,4,6.25,0.0,0.0,True,0.9152892561983472,0.223359564333072,0.5557851239669421,0.2954570067328292,42.659004764350975,0.2142429679949463,0.6012396694214877,0.6871649133825048,32.37779946018375,0.1483305627166943
60,0.45,coverage-critical,101,64601,Random,True,6.25,4,6.25,0.0,0.0,True,0.9152892561983472,0.223359564333072,0.5557851239669421,0.2954570067328292,42.659004764350975,0.2142429679949463,0.6115702479338843,0.6875052944688841,32.365886122160475,0.1479999247101587
60,0.45,coverage-critical,202,64702,CC-Exact,True,9.75,7,9.75,0.0,0.0,True,0.8491735537190083,0.2380214582097764,0.5268595041322314,0.2737477943532708,43.41882719763553,0.2451164560544574,0.6012396694214877,0.6574322769842486,31.88460714765656,0.1601110000387753
60,0.45,coverage-critical,202,64702,Greedy,True,9.75,7,9.75,0.0,0.0,True,0.8491735537190083,0.2380214582097764,0.5268595041322314,0.2737477943532708,43.41882719763553,0.2451164560544574,0.6012396694214877,0.6574322769842486,31.88460714765656,0.1601110000387753
60,0.45,coverage-critical,202,64702,GA,True,9.75,7,9.75,0.0,0.0,True,0.8491735537190083,0.2380214582097764,0.5268595041322314,0.2737477943532708,43.41882719763553,0.2451164560544574,0.6012396694214877,0.6574322769842486,31.88460714765656,0.1601110000387753
60,0.45,coverage-critical,202,64702,PSO,True,9.75,7,9.75,0.0,0.0,True,0.8491735537190083,0.2380214582097764,0.5268595041322314,0.2737477943532708,43.41882719763553,0.2451164560544574,0.6012396694214877,0.6574322769842486,31.88460714765656,0.1601110000387753
60,0.45,coverage-critical,202,64702,NSGA-II,True,9.75,7,9.75,0.0,0.0,True,0.8491735537190083,0.2380214582097764,0.5268595041322314,0.2737477943532708,43.41882719763553,0.2451164560544574,0.6012396694214877,0.6574322769842486,31.88460714765656,0.1601110000387753
60,0.45,coverage-critical,202,64702,Random,True,10.55,7,9.75,0.8000000000000007,0.0820512820512821,False,0.8491735537190083,0.2380214582097764,0.5268595041322314,0.2737477943532708,43.41882719763553,0.2451164560544574,0.6012396694214877,0.6784004726658268,31.15072029880132,0.133333873152824
60,0.45,coverage-critical,303,64803,CC-Exact,True,3.65,2,3.65,0.0,0.0,True,0.9194214876033058,0.2780942080686203,0.5929752066115702,0.3409850942548427,41.065521701080506,0.218933912815769,0.6198347107438017,0.6327644358886237,32.265009449780514,0.1549936367791592
60,0.45,coverage-critical,303,64803,Greedy,True,3.65,2,3.65,0.0,0.0,True,0.9194214876033058,0.2780942080686203,0.5929752066115702,0.3409850942548427,41.065521701080506,0.218933912815769,0.6198347107438017,0.6327644358886237,32.265009449780514,0.1549936367791592
60,0.45,coverage-critical,303,64803,GA,True,3.65,2,3.65,0.0,0.0,True,0.9194214876033058,0.2780942080686203,0.5929752066115702,0.3409850942548427,41.065521701080506,0.218933912815769,0.609504132231405,0.6346198290588888,32.20007068882124,0.1551610227141864
60,0.45,coverage-critical,303,64803,PSO,True,3.65,2,3.65,0.0,0.0,True,0.9194214876033058,0.2780942080686203,0.5929752066115702,0.3409850942548427,41.065521701080506,0.218933912815769,0.609504132231405,0.6346198290588888,32.20007068882124,0.1551610227141864
60,0.45,coverage-critical,303,64803,NSGA-II,True,3.65,2,3.65,0.0,0.0,True,0.9194214876033058,0.2780942080686203,0.5929752066115702,0.3409850942548427,41.065521701080506,0.218933912815769,0.6198347107438017,0.635271674817946,32.88313844019541,0.1557978982237726
60,0.45,coverage-critical,303,64803,Random,True,3.65,2,3.65,0.0,0.0,True,0.9194214876033058,0.2780942080686203,0.5929752066115702,0.3409850942548427,41.065521701080506,0.218933912815769,0.6198347107438017,0.635271674817946,32.88313844019541,0.1557978982237726
90,0.15,random,101,91601,CC-Exact,True,5.8,3,5.8,0.0,0.0,True,0.9380165289256198,0.2385669393407641,0.9028925619834712,0.2414500756741427,44.54924735140501,0.2486705869636212,0.9028925619834712,0.6013609108030109,31.95236812189461,0.1590092493843828
90,0.15,random,101,91601,Greedy,True,5.8,3,5.8,0.0,0.0,True,0.9380165289256198,0.2385669393407641,0.9028925619834712,0.2414500756741427,44.54924735140501,0.2486705869636212,0.9028925619834712,0.6013609108030109,31.95236812189461,0.1590092493843828
90,0.15,random,101,91601,GA,True,5.8,3,5.8,0.0,0.0,True,0.9380165289256198,0.2385669393407641,0.9028925619834712,0.2414500756741427,44.54924735140501,0.2486705869636212,0.9049586776859504,0.6011914494694539,31.95829926856911,0.1590803070875047
90,0.15,random,101,91601,PSO,True,5.8,3,5.8,0.0,0.0,True,0.9380165289256198,0.2385669393407641,0.9028925619834712,0.2414500756741427,44.54924735140501,0.2486705869636212,0.9028925619834712,0.6013609108030109,31.95236812189461,0.1590092493843828
90,0.15,random,101,91601,NSGA-II,True,5.8,3,5.8,0.0,0.0,True,0.9380165289256198,0.2385669393407641,0.9028925619834712,0.2414500756741427,44.54924735140501,0.2486705869636212,0.9049586776859504,0.6011914494694539,31.95829926856911,0.1590803070875047
90,0.15,random,101,91601,Random,True,6.05,3,5.8,0.25,0.043103448275862,False,0.9380165289256198,0.2385669393407641,0.9028925619834712,0.2414500756741427,44.54924735140501,0.2486705869636212,0.9276859504132232,0.6344639987363595,33.59895484942222,0.1499088436520541
90,0.15,random,202,91702,CC-Exact,True,5.35,4,5.35,0.0,0.0,True,0.956611570247934,0.2503590648674993,0.9256198347107438,0.2626420035092596,43.80752987717591,0.2594870969872198,0.975206611570248,0.6141373716328343,44.26468566373688,0.1897233980766892
90,0.15,random,202,91702,Greedy,True,5.35,4,5.35,0.0,0.0,True,0.956611570247934,0.2503590648674993,0.9256198347107438,0.2626420035092596,43.80752987717591,0.2594870969872198,0.975206611570248,0.6141373716328343,44.26468566373688,0.1897233980766892
90,0.15,random,202,91702,GA,True,5.35,4,5.35,0.0,0.0,True,0.956611570247934,0.2503590648674993,0.9256198347107438,0.2626420035092596,43.80752987717591,0.2594870969872198,0.975206611570248,0.6141373716328343,44.26468566373688,0.1897233980766892
90,0.15,random,202,91702,PSO,True,5.35,4,5.35,0.0,0.0,True,0.956611570247934,0.2503590648674993,0.9256198347107438,0.2626420035092596,43.80752987717591,0.2594870969872198,0.975206611570248,0.6141373716328343,44.26468566373688,0.1897233980766892
90,0.15,random,202,91702,NSGA-II,True,5.35,4,5.35,0.0,0.0,True,0.956611570247934,0.2503590648674993,0.9256198347107438,0.2626420035092596,43.80752987717591,0.2594870969872198,0.975206611570248,0.6141373716328343,44.26468566373688,0.1897233980766892
90,0.15,random,202,91702,Random,True,5.35,4,5.35,0.0,0.0,True,0.956611570247934,0.2503590648674993,0.9256198347107438,0.2626420035092596,43.80752987717591,0.2594870969872198,0.975206611570248,0.6141373716328343,44.26468566373688,0.1897233980766892
90,0.15,random,303,91803,CC-Exact,True,4.8,2,4.8,0.0,0.0,True,0.8698347107438017,0.2348263851838071,0.8512396694214877,0.2013732309108481,45.95193691812032,0.2537282203583122,0.8512396694214877,0.6336403096598106,30.82258916190664,0.1409746301347016
90,0.15,random,303,91803,Greedy,True,4.8,2,4.8,0.0,0.0,True,0.8698347107438017,0.2348263851838071,0.8512396694214877,0.2013732309108481,45.95193691812032,0.2537282203583122,0.8512396694214877,0.6336403096598106,30.82258916190664,0.1409746301347016
90,0.15,random,303,91803,GA,True,4.8,2,4.8,0.0,0.0,True,0.8698347107438017,0.2348263851838071,0.8512396694214877,0.2013732309108481,45.95193691812032,0.2537282203583122,0.8512396694214877,0.6336403096598106,30.82258916190664,0.1409746301347016
90,0.15,random,303,91803,PSO,True,4.8,2,4.8,0.0,0.0,True,0.8698347107438017,0.2348263851838071,0.8512396694214877,0.2013732309108481,45.95193691812032,0.2537282203583122,0.8512396694214877,0.6336403096598106,30.82258916190664,0.1409746301347016
90,0.15,random,303,91803,NSGA-II,True,4.8,2,4.8,0.0,0.0,True,0.8698347107438017,0.2348263851838071,0.8512396694214877,0.2013732309108481,45.95193691812032,0.2537282203583122,0.8512396694214877,0.6336403096598106,30.82258916190664,0.1409746301347016
90,0.15,random,303,91803,Random,True,5.8,3,4.8,1.0,0.2083333333333333,False,0.8698347107438017,0.2348263851838071,0.8512396694214877,0.2013732309108481,45.95193691812032,0.2537282203583122,0.8512396694214877,0.6352342517840489,30.76680118755829,0.1406688347941483
90,0.15,clustered,101,91601,CC-Exact,True,5.25,3,5.25,0.0,0.0,True,0.9380165289256198,0.2385669393407641,0.8512396694214877,0.2571264770256412,44.00057330410255,0.2460986232818363,0.8925619834710744,0.6144349351756004,36.48179025586697,0.1734904466391544
90,0.15,clustered,101,91601,Greedy,True,6.15,4,5.25,0.9000000000000004,0.1714285714285714,False,0.9380165289256198,0.2385669393407641,0.8512396694214877,0.2571264770256412,44.00057330410255,0.2460986232818363,0.9400826446280992,0.6011519577410617,41.07360552969576,0.1542264799433726
90,0.15,clustered,101,91601,GA,True,5.25,3,5.25,0.0,0.0,True,0.9380165289256198,0.2385669393407641,0.8512396694214877,0.2571264770256412,44.00057330410255,0.2460986232818363,0.8925619834710744,0.6144349351756004,36.48179025586697,0.1734904466391544
90,0.15,clustered,101,91601,PSO,True,5.25,3,5.25,0.0,0.0,True,0.9380165289256198,0.2385669393407641,0.8512396694214877,0.2571264770256412,44.00057330410255,0.2460986232818363,0.8760330578512396,0.6467157208761368,34.72858613297157,0.1685153426653708
90,0.15,clustered,101,91601,NSGA-II,True,5.25,3,5.25,0.0,0.0,True,0.9380165289256198,0.2385669393407641,0.8512396694214877,0.2571264770256412,44.00057330410255,0.2460986232818363,0.8760330578512396,0.6467157208761368,34.72858613297157,0.1685153426653708
90,0.15,clustered,101,91601,Random,True,6.15,4,5.25,0.9000000000000004,0.1714285714285714,False,0.9380165289256198,0.2385669393407641,0.8512396694214877,0.2571264770256412,44.00057330410255,0.2460986232818363,0.9400826446280992,0.6011519577410617,41.07360552969576,0.1542264799433726
90,0.15,clustered,202,91702,CC-Exact,True,8.65,5,8.65,0.0,0.0,True,0.956611570247934,0.2503590648674993,0.8636363636363636,0.2762870338521511,43.32995381517471,0.2539157157839886,0.9008264462809916,0.6025064194097868,34.989198397580545,0.1869709838272773
90,0.15,clustered,202,91702,Greedy,True,9.75,7,8.65,1.0999999999999996,0.1271676300578034,False,0.956611570247934,0.2503590648674993,0.8636363636363636,0.2762870338521511,43.32995381517471,0.2539157157839886,0.944214876033058,0.6006530315094012,37.014180934208,0.1890363010375182
90,0.15,clustered,202,91702,GA,True,8.65,5,8.65,0.0,0.0,True,0.956611570247934,0.2503590648674993,0.8636363636363636,0.2762870338521511,43.32995381517471,0.2539157157839886,0.8946280991735537,0.6026610810477449,35.29147754794432,0.1871736234930072
90,0.15,clustered,202,91702,PSO,True,8.65,5,8.65,0.0,0.0,True,0.956611570247934,0.2503590648674993,0.8636363636363636,0.2762870338521511,43.32995381517471,0.2539157157839886,0.8946280991735537,0.6026610810477449,35.29147754794432,0.1871736234930072
90,0.15,clustered,202,91702,NSGA-II,True,8.65,5,8.65,0.0,0.0,True,0.956611570247934,0.2503590648674993,0.8636363636363636,0.2762870338521511,43.32995381517471,0.2539157157839886,0.8946280991735537,0.6026610810477449,35.29147754794432,0.1871736234930072
90,0.15,clustered,202,91702,Random,True,8.65,5,8.65,0.0,0.0,True,0.956611570247934,0.2503590648674993,0.8636363636363636,0.2762870338521511,43.32995381517471,0.2539157157839886,0.8946280991735537,0.6026610810477449,35.29147754794432,0.1871736234930072
90,0.15,clustered,303,91803,CC-Exact,True,5.25,3,5.25,0.0,0.0,True,0.8698347107438017,0.2348263851838071,0.8285123966942148,0.2746339831251037,43.38781059062137,0.2380545530133633,0.8553719008264463,0.646557806657978,35.357489753983764,0.1603315216452175
90,0.15,clustered,303,91803,Greedy,True,5.25,3,5.25,0.0,0.0,True,0.8698347107438017,0.2348263851838071,0.8285123966942148,0.2746339831251037,43.38781059062137,0.2380545530133633,0.8553719008264463,0.646557806657978,35.357489753983764,0.1603315216452175
90,0.15,clustered,303,91803,GA,True,5.25,3,5.25,0.0,0.0,True,0.8698347107438017,0.2348263851838071,0.8285123966942148,0.2746339831251037,43.38781059062137,0.2380545530133633,0.8553719008264463,0.646557806657978,35.357489753983764,0.1603315216452175
90,0.15,clustered,303,91803,PSO,True,5.25,3,5.25,0.0,0.0,True,0.8698347107438017,0.2348263851838071,0.8285123966942148,0.2746339831251037,43.38781059062137,0.2380545530133633,0.8553719008264463,0.646557806657978,35.357489753983764,0.1603315216452175
90,0.15,clustered,303,91803,NSGA-II,True,5.25,3,5.25,0.0,0.0,True,0.8698347107438017,0.2348263851838071,0.8285123966942148,0.2746339831251037,43.38781059062137,0.2380545530133633,0.8553719008264463,0.646557806657978,35.357489753983764,0.1603315216452175
90,0.15,clustered,303,91803,Random,True,5.8,3,5.25,0.5499999999999998,0.1047619047619047,False,0.8698347107438017,0.2348263851838071,0.8285123966942148,0.2746339831251037,43.38781059062137,0.2380545530133633,0.8367768595041323,0.6028409235104487,31.900567677134298,0.1449726839825451
90,0.15,gateway-near,101,91601,CC-Exact,True,7.4,4,7.4,0.0,0.0,True,0.9380165289256198,0.2385669393407641,0.8863636363636364,0.112520065901255,49.06179769345607,0.2789803650940532,0.8884297520661157,0.6027932536698966,31.90223612155361,0.1767659139987802
90,0.15,gateway-near,101,91601,Greedy,True,7.4,4,7.4,0.0,0.0,True,0.9380165289256198,0.2385669393407641,0.8863636363636364,0.112520065901255,49.06179769345607,0.2789803650940532,0.8884297520661157,0.6027932536698966,31.90223612155361,0.1767659139987802
90,0.15,gateway-near,101,91601,GA,True,7.4,4,7.4,0.0,0.0,True,0.9380165289256198,0.2385669393407641,0.8863636363636364,0.112520065901255,49.06179769345607,0.2789803650940532,0.8884297520661157,0.6027932536698966,31.90223612155361,0.1767659139987802
90,0.15,gateway-near,101,91601,PSO,True,7.4,4,7.4,0.0,0.0,True,0.9380165289256198,0.2385669393407641,0.8863636363636364,0.112520065901255,49.06179769345607,0.2789803650940532,0.8987603305785123,0.6031657845401303,31.88919754109543,0.1765736248831994
90,0.15,gateway-near,101,91601,NSGA-II,True,7.4,4,7.4,0.0,0.0,True,0.9380165289256198,0.2385669393407641,0.8863636363636364,0.112520065901255,49.06179769345607,0.2789803650940532,0.8884297520661157,0.6027932536698966,31.90223612155361,0.1767659139987802
90,0.15,gateway-near,101,91601,Random,True,7.4,4,7.4,0.0,0.0,True,0.9380165289256198,0.2385669393407641,0.8863636363636364,0.112520065901255,49.06179769345607,0.2789803650940532,0.8987603305785123,0.6031657845401303,31.88919754109543,0.1765736248831994
90,0.15,gateway-near,202,91702,CC-Exact,True,6.5,4,6.5,0.0,0.0,True,0.956611570247934,0.2503590648674993,0.9049586776859504,0.1216203014311556,48.743289449909554,0.2857070379645174,0.9318181818181818,0.6251545187856803,42.81189953480888,0.18068103900574
90,0.15,gateway-near,202,91702,Greedy,True,6.5,4,6.5,0.0,0.0,True,0.956611570247934,0.2503590648674993,0.9049586776859504,0.1216203014311556,48.743289449909554,0.2857070379645174,0.9318181818181818,0.6251545187856803,42.81189953480888,0.18068103900574
90,0.15,gateway-near,202,91702,GA,True,6.5,4,6.5,0.0,0.0,True,0.956611570247934,0.2503590648674993,0.9049586776859504,0.1216203014311556,48.743289449909554,0.2857070379645174,0.9318181818181818,0.6251545187856803,42.81189953480888,0.18068103900574
90,0.15,gateway-near,202,91702,PSO,True,6.5,4,6.5,0.0,0.0,True,0.956611570247934,0.2503590648674993,0.9049586776859504,0.1216203014311556,48.743289449909554,0.2857070379645174,0.9318181818181818,0.6251545187856803,42.81189953480888,0.18068103900574
90,0.15,gateway-near,202,91702,NSGA-II,True,6.5,4,6.5,0.0,0.0,True,0.956611570247934,0.2503590648674993,0.9049586776859504,0.1216203014311556,48.743289449909554,0.2857070379645174,0.9318181818181818,0.6251545187856803,42.81189953480888,0.18068103900574
90,0.15,gateway-near,202,91702,Random,True,7.5,5,6.5,1.0,0.1538461538461538,False,0.956611570247934,0.2503590648674993,0.9049586776859504,0.1216203014311556,48.743289449909554,0.2857070379645174,0.9338842975206612,0.628927664275962,42.53183554780968,0.1797608665649543
90,0.15,gateway-near,303,91803,CC-Exact,True,6.05,3,6.05,0.0,0.0,True,0.8698347107438017,0.2348263851838071,0.7995867768595041,0.1042441643789576,49.35145424673648,0.2795887832504288,0.8161157024793388,0.6047240006928514,32.769724910815135,0.1437455536896089
90,0.15,gateway-near,303,91803,Greedy,True,6.05,3,6.05,0.0,0.0,True,0.8698347107438017,0.2348263851838071,0.7995867768595041,0.1042441643789576,49.35145424673648,0.2795887832504288,0.8161157024793388,0.6047240006928514,32.769724910815135,0.1437455536896089
90,0.15,gateway-near,303,91803,GA,True,6.05,3,6.05,0.0,0.0,True,0.8698347107438017,0.2348263851838071,0.7995867768595041,0.1042441643789576,49.35145424673648,0.2795887832504288,0.8161157024793388,0.6047240006928514,32.769724910815135,0.1437455536896089
90,0.15,gateway-near,303,91803,PSO,True,6.05,3,6.05,0.0,0.0,True,0.8698347107438017,0.2348263851838071,0.7995867768595041,0.1042441643789576,49.35145424673648,0.2795887832504288,0.8243801652892562,0.6186219513263302,32.59498495033169,0.1423329142270054
90,0.15,gateway-near,303,91803,NSGA-II,True,6.05,3,6.05,0.0,0.0,True,0.8698347107438017,0.2348263851838071,0.7995867768595041,0.1042441643789576,49.35145424673648,0.2795887832504288,0.8243801652892562,0.6186219513263302,32.59498495033169,0.1423329142270054
90,0.15,gateway-near,303,91803,Random,True,6.05,3,6.05,0.0,0.0,True,0.8698347107438017,0.2348263851838071,0.7995867768595041,0.1042441643789576,49.35145424673648,0.2795887832504288,0.8243801652892562,0.6186219513263302,32.59498495033169,0.1423329142270054
90,0.15,peripheral,101,91601,CC-Exact,True,5.25,3,5.25,0.0,0.0,True,0.9380165289256198,0.2385669393407641,0.8615702479338843,0.2824255420475051,43.11510602833732,0.2165924121393711,0.878099173553719,0.6019961186863476,35.04701896286095,0.1682186406329907
90,0.15,peripheral,101,91601,Greedy,True,5.25,3,5.25,0.0,0.0,True,0.9380165289256198,0.2385669393407641,0.8615702479338843,0.2824255420475051,43.11510602833732,0.2165924121393711,0.878099173553719,0.6019961186863476,35.04701896286095,0.1682186406329907
90,0.15,peripheral,101,91601,GA,True,5.25,3,5.25,0.0,0.0,True,0.9380165289256198,0.2385669393407641,0.8615702479338843,0.2824255420475051,43.11510602833732,0.2165924121393711,0.878099173553719,0.6019961186863476,35.04701896286095,0.1682186406329907
90,0.15,peripheral,101,91601,PSO,True,5.25,3,5.25,0.0,0.0,True,0.9380165289256198,0.2385669393407641,0.8615702479338843,0.2824255420475051,43.11510602833732,0.2165924121393711,0.878099173553719,0.6019961186863476,35.04701896286095,0.1682186406329907
90,0.15,peripheral,101,91601,NSGA-II,True,5.25,3,5.25,0.0,0.0,True,0.9380165289256198,0.2385669393407641,0.8615702479338843,0.2824255420475051,43.11510602833732,0.2165924121393711,0.878099173553719,0.6019961186863476,35.04701896286095,0.1682186406329907
90,0.15,peripheral,101,91601,Random,True,5.25,3,5.25,0.0,0.0,True,0.9380165289256198,0.2385669393407641,0.8615702479338843,0.2824255420475051,43.11510602833732,0.2165924121393711,0.878099173553719,0.6019961186863476,35.04701896286095,0.1682186406329907
90,0.15,peripheral,202,91702,CC-Exact,True,6.4,3,6.4,0.0,0.0,True,0.956611570247934,0.2503590648674993,0.8636363636363636,0.2964365597251471,42.62472040961986,0.2149082374521022,0.8636363636363636,0.6370460880495633,30.703386918265288,0.1601684208218618
90,0.15,peripheral,202,91702,Greedy,True,6.5,4,6.4,0.0999999999999996,0.0156249999999999,False,0.956611570247934,0.2503590648674993,0.8636363636363636,0.2964365597251471,42.62472040961986,0.2149082374521022,0.8946280991735537,0.6204097553911155,35.90104317669557,0.1658260042940647
90,0.15,peripheral,202,91702,GA,True,6.4,3,6.4,0.0,0.0,True,0.956611570247934,0.2503590648674993,0.8636363636363636,0.2964365597251471,42.62472040961986,0.2149082374521022,0.8636363636363636,0.6370460880495633,30.703386918265288,0.1601684208218618
90,0.15,peripheral,202,91702,PSO,True,6.4,3,6.4,0.0,0.0,True,0.956611570247934,0.2503590648674993,0.8636363636363636,0.2964365597251471,42.62472040961986,0.2149082374521022,0.8636363636363636,0.6370460880495633,30.703386918265288,0.1601684208218618
90,0.15,peripheral,202,91702,NSGA-II,True,6.4,3,6.4,0.0,0.0,True,0.956611570247934,0.2503590648674993,0.8636363636363636,0.2964365597251471,42.62472040961986,0.2149082374521022,0.8636363636363636,0.6370460880495633,30.703386918265288,0.1601684208218618
90,0.15,peripheral,202,91702,Random,True,6.5,4,6.4,0.0999999999999996,0.0156249999999999,False,0.956611570247934,0.2503590648674993,0.8636363636363636,0.2964365597251471,42.62472040961986,0.2149082374521022,0.8946280991735537,0.6204097553911155,35.90104317669557,0.1658260042940647
90,0.15,peripheral,303,91803,CC-Exact,True,4.8,2,4.8,0.0,0.0,True,0.8698347107438017,0.2348263851838071,0.8119834710743802,0.2779873516997635,43.27044269050828,0.2155915817257112,0.8119834710743802,0.6398232410575339,30.60618656298632,0.1373455761119539
90,0.15,peripheral,303,91803,Greedy,True,5.25,3,4.8,0.4500000000000002,0.09375,False,0.8698347107438017,0.2348263851838071,0.8119834710743802,0.2779873516997635,43.27044269050828,0.2155915817257112,0.8285123966942148,0.6293475517948712,33.1546538689977,0.1586396813624152
90,0.15,peripheral,303,91803,GA,True,4.8,2,4.8,0.0,0.0,True,0.8698347107438017,0.2348263851838071,0.8119834710743802,0.2779873516997635,43.27044269050828,0.2155915817257112,0.8119834710743802,0.6398232410575339,30.60618656298632,0.1373455761119539
90,0.15,peripheral,303,91803,PSO,True,4.8,2,4.8,0.0,0.0,True,0.8698347107438017,0.2348263851838071,0.8119834710743802,0.2779873516997635,43.27044269050828,0.2155915817257112,0.8119834710743802,0.6398232410575339,30.60618656298632,0.1373455761119539
90,0.15,peripheral,303,91803,NSGA-II,True,4.8,2,4.8,0.0,0.0,True,0.8698347107438017,0.2348263851838071,0.8119834710743802,0.2779873516997635,43.27044269050828,0.2155915817257112,0.8119834710743802,0.6398232410575339,30.60618656298632,0.1373455761119539
90,0.15,peripheral,303,91803,Random,True,5.25,3,4.8,0.4500000000000002,0.09375,False,0.8698347107438017,0.2348263851838071,0.8119834710743802,0.2779873516997635,43.27044269050828,0.2155915817257112,0.8285123966942148,0.6361861059864524,34.16205771904559,0.1573769269666006
90,0.15,coverage-critical,101,91601,CC-Exact,True,4.8,2,4.8,0.0,0.0,True,0.9380165289256198,0.2385669393407641,0.8491735537190083,0.2621596407926972,43.8244125722556,0.2385553163383777,0.8491735537190083,0.6200734074152505,31.29743074046624,0.1559818756556373
90,0.15,coverage-critical,101,91601,Greedy,True,4.8,2,4.8,0.0,0.0,True,0.9380165289256198,0.2385669393407641,0.8491735537190083,0.2621596407926972,43.8244125722556,0.2385553163383777,0.8491735537190083,0.6200734074152505,31.29743074046624,0.1559818756556373
90,0.15,coverage-critical,101,91601,GA,True,4.8,2,4.8,0.0,0.0,True,0.9380165289256198,0.2385669393407641,0.8491735537190083,0.2621596407926972,43.8244125722556,0.2385553163383777,0.8491735537190083,0.6200734074152505,31.29743074046624,0.1559818756556373
90,0.15,coverage-critical,101,91601,PSO,True,4.8,2,4.8,0.0,0.0,True,0.9380165289256198,0.2385669393407641,0.8491735537190083,0.2621596407926972,43.8244125722556,0.2385553163383777,0.8491735537190083,0.6200734074152505,31.29743074046624,0.1559818756556373
90,0.15,coverage-critical,101,91601,NSGA-II,True,4.8,2,4.8,0.0,0.0,True,0.9380165289256198,0.2385669393407641,0.8491735537190083,0.2621596407926972,43.8244125722556,0.2385553163383777,0.8491735537190083,0.6200734074152505,31.29743074046624,0.1559818756556373
90,0.15,coverage-critical,101,91601,Random,True,6.05,3,4.8,1.25,0.2604166666666667,False,0.9380165289256198,0.2385669393407641,0.8491735537190083,0.2621596407926972,43.8244125722556,0.2385553163383777,0.8739669421487604,0.6500751560022041,32.74087603342935,0.1472097538781797
90,0.15,coverage-critical,202,91702,CC-Exact,True,5.25,3,5.25,0.0,0.0,True,0.956611570247934,0.2503590648674993,0.8574380165289256,0.2738181075109526,43.41636623711666,0.244150244441902,0.878099173553719,0.6024825879362607,37.211810720932185,0.1882838390893845
90,0.15,coverage-critical,202,91702,Greedy,True,5.25,3,5.25,0.0,0.0,True,0.956611570247934,0.2503590648674993,0.8574380165289256,0.2738181075109526,43.41636623711666,0.244150244441902,0.878099173553719,0.6024825879362607,37.211810720932185,0.1882838390893845
90,0.15,coverage-critical,202,91702,GA,True,5.25,3,5.25,0.0,0.0,True,0.956611570247934,0.2503590648674993,0.8574380165289256,0.2738181075109526,43.41636623711666,0.244150244441902,0.878099173553719,0.6024825879362607,37.211810720932185,0.1882838390893845
90,0.15,coverage-critical,202,91702,PSO,True,5.25,3,5.25,0.0,0.0,True,0.956611570247934,0.2503590648674993,0.8574380165289256,0.2738181075109526,43.41636623711666,0.244150244441902,0.878099173553719,0.6024825879362607,37.211810720932185,0.1882838390893845
90,0.15,coverage-critical,202,91702,NSGA-II,True,5.25,3,5.25,0.0,0.0,True,0.956611570247934,0.2503590648674993,0.8574380165289256,0.2738181075109526,43.41636623711666,0.244150244441902,0.878099173553719,0.6024825879362607,37.211810720932185,0.1882838390893845
90,0.15,coverage-critical,202,91702,Random,True,5.25,3,5.25,0.0,0.0,True,0.956611570247934,0.2503590648674993,0.8574380165289256,0.2738181075109526,43.41636623711666,0.244150244441902,0.878099173553719,0.6024825879362607,37.211810720932185,0.1882838390893845
90,0.15,coverage-critical,303,91803,CC-Exact,True,4.0,2,4.0,0.0,0.0,True,0.8698347107438017,0.2348263851838071,0.7004132231404959,0.2574867922635201,43.98796227077679,0.2425012126211045,0.7004132231404959,0.6176055790279747,31.383804734020888,0.1662972916919568
90,0.15,coverage-critical,303,91803,Greedy,True,4.0,2,4.0,0.0,0.0,True,0.8698347107438017,0.2348263851838071,0.7004132231404959,0.2574867922635201,43.98796227077679,0.2425012126211045,0.7004132231404959,0.6176055790279747,31.383804734020888,0.1662972916919568
90,0.15,coverage-critical,303,91803,GA,True,4.0,2,4.0,0.0,0.0,True,0.8698347107438017,0.2348263851838071,0.7004132231404959,0.2574867922635201,43.98796227077679,0.2425012126211045,0.7004132231404959,0.6176055790279747,31.383804734020888,0.1662972916919568
90,0.15,coverage-critical,303,91803,PSO,True,4.0,2,4.0,0.0,0.0,True,0.8698347107438017,0.2348263851838071,0.7004132231404959,0.2574867922635201,43.98796227077679,0.2425012126211045,0.7004132231404959,0.6176055790279747,31.383804734020888,0.1662972916919568
90,0.15,coverage-critical,303,91803,NSGA-II,True,4.0,2,4.0,0.0,0.0,True,0.8698347107438017,0.2348263851838071,0.7004132231404959,0.2574867922635201,43.98796227077679,0.2425012126211045,0.7004132231404959,0.6176055790279747,31.383804734020888,0.1662972916919568
90,0.15,coverage-critical,303,91803,Random,True,5.0,3,4.0,1.0,0.25,False,0.8698347107438017,0.2348263851838071,0.7004132231404959,0.2574867922635201,43.98796227077679,0.2425012126211045,0.7355371900826446,0.6104398465847606,31.634605369533386,0.1676753820728358
90,0.3,random,101,93101,CC-Exact,True,4.8,2,4.8,0.0,0.0,True,0.9359504132231404,0.2546205923738756,0.8760330578512396,0.2488756779521521,44.28935127167468,0.2420828789952778,0.8760330578512396,0.6036624875712272,31.871812935007046,0.1499337781891873
90,0.3,random,101,93101,Greedy,True,8.75,6,4.8,3.95,0.8229166666666667,False,0.9359504132231404,0.2546205923738756,0.8760330578512396,0.2488756779521521,44.28935127167468,0.2420828789952778,0.9297520661157024,0.6702604275850027,38.13789995989805,0.1627170605271316
90,0.3,random,101,93101,GA,True,4.8,2,4.8,0.0,0.0,True,0.9359504132231404,0.2546205923738756,0.8760330578512396,0.2488756779521521,44.28935127167468,0.2420828789952778,0.8760330578512396,0.6036624875712272,31.871812935007046,0.1499337781891873
90,0.3,random,101,93101,PSO,True,4.8,2,4.8,0.0,0.0,True,0.9359504132231404,0.2546205923738756,0.8760330578512396,0.2488756779521521,44.28935127167468,0.2420828789952778,0.8760330578512396,0.6036624875712272,31.871812935007046,0.1499337781891873
90,0.3,random,101,93101,NSGA-II,True,4.8,2,4.8,0.0,0.0,True,0.9359504132231404,0.2546205923738756,0.8760330578512396,0.2488756779521521,44.28935127167468,0.2420828789952778,0.8760330578512396,0.6036624875712272,31.871812935007046,0.1499337781891873
90,0.3,random,101,93101,Random,True,5.25,3,4.8,0.4500000000000002,0.09375,False,0.9359504132231404,0.2546205923738756,0.8760330578512396,0.2488756779521521,44.28935127167468,0.2420828789952778,0.890495867768595,0.65073138973227,35.474401359370546,0.1626350281501872
90,0.3,random,202,93202,CC-Exact,True,4.8,2,4.8,0.0,0.0,True,0.9090909090909092,0.2454254986017318,0.8326446280991735,0.2602368086869033,43.89171169595839,0.2178992531906694,0.8326446280991735,0.6354587653548589,30.758943212579947,0.1345371522194849
90,0.3,random,202,93202,Greedy,True,5.25,3,4.8,0.4500000000000002,0.09375,False,0.9090909090909092,0.2454254986017318,0.8326446280991735,0.2602368086869033,43.89171169595839,0.2178992531906694,0.8491735537190083,0.6086674776096995,33.57163828366052,0.1636401826775199
90,0.3,random,202,93202,GA,True,4.8,2,4.8,0.0,0.0,True,0.9090909090909092,0.2454254986017318,0.8326446280991735,0.2602368086869033,43.89171169595839,0.2178992531906694,0.8326446280991735,0.6354587653548589,30.758943212579947,0.1345371522194849
90,0.3,random,202,93202,PSO,True,4.8,2,4.8,0.0,0.0,True,0.9090909090909092,0.2454254986017318,0.8326446280991735,0.2602368086869033,43.89171169595839,0.2178992531906694,0.8326446280991735,0.6354587653548589,30.758943212579947,0.1345371522194849
90,0.3,random,202,93202,NSGA-II,True,4.8,2,4.8,0.0,0.0,True,0.9090909090909092,0.2454254986017318,0.8326446280991735,0.2602368086869033,43.89171169595839,0.2178992531906694,0.8326446280991735,0.6354587653548589,30.758943212579947,0.1345371522194849
90,0.3,random,202,93202,Random,True,5.25,3,4.8,0.4500000000000002,0.09375,False,0.9090909090909092,0.2454254986017318,0.8326446280991735,0.2602368086869033,43.89171169595839,0.2178992531906694,0.8491735537190083,0.6086674776096995,33.57163828366052,0.1636401826775199
90,0.3,random,303,93303,CC-Exact,True,5.25,3,5.25,0.0,0.0,True,0.96900826446281,0.2524249676225078,0.9235537190082644,0.2300823948138479,44.94711618151534,0.239876062825948,0.9318181818181818,0.630934608877451,35.417288689289215,0.1690190703727533
90,0.3,random,303,93303,Greedy,True,5.25,3,5.25,0.0,0.0,True,0.96900826446281,0.2524249676225078,0.9235537190082644,0.2300823948138479,44.94711618151534,0.239876062825948,0.9318181818181818,0.630934608877451,35.417288689289215,0.1690190703727533
90,0.3,random,303,93303,GA,True,5.25,3,5.25,0.0,0.0,True,0.96900826446281,0.2524249676225078,0.9235537190082644,0.2300823948138479,44.94711618151534,0.239876062825948,0.9318181818181818,0.630934608877451,35.417288689289215,0.1690190703727533
90,0.3,random,303,93303,PSO,True,5.25,3,5.25,0.0,0.0,True,0.96900826446281,0.2524249676225078,0.9235537190082644,0.2300823948138479,44.94711618151534,0.239876062825948,0.9318181818181818,0.630934608877451,35.417288689289215,0.1690190703727533
90,0.3,random,303,93303,NSGA-II,True,5.25,3,5.25,0.0,0.0,True,0.96900826446281,0.2524249676225078,0.9235537190082644,0.2300823948138479,44.94711618151534,0.239876062825948,0.9318181818181818,0.630934608877451,35.417288689289215,0.1690190703727533
90,0.3,random,303,93303,Random,True,5.25,3,5.25,0.0,0.0,True,0.96900826446281,0.2524249676225078,0.9235537190082644,0.2300823948138479,44.94711618151534,0.239876062825948,0.9318181818181818,0.630934608877451,35.417288689289215,0.1690190703727533
90,0.3,clustered,101,93101,CC-Exact,True,4.8,2,4.8,0.0,0.0,True,0.9359504132231404,0.2546205923738756,0.6838842975206612,0.1941037229246689,46.2063696976366,0.2567673926428581,0.6838842975206612,0.6537200049272887,30.119799827544902,0.1359189632972264
90,0.3,clustered,101,93101,Greedy,True,4.8,2,4.8,0.0,0.0,True,0.9359504132231404,0.2546205923738756,0.6838842975206612,0.1941037229246689,46.2063696976366,0.2567673926428581,0.6838842975206612,0.6537200049272887,30.119799827544902,0.1359189632972264
90,0.3,clustered,101,93101,GA,True,4.8,2,4.8,0.0,0.0,True,0.9359504132231404,0.2546205923738756,0.6838842975206612,0.1941037229246689,46.2063696976366,0.2567673926428581,0.6838842975206612,0.6537200049272887,30.119799827544902,0.1359189632972264
90,0.3,clustered,101,93101,PSO,True,4.8,2,4.8,0.0,0.0,True,0.9359504132231404,0.2546205923738756,0.6838842975206612,0.1941037229246689,46.2063696976366,0.2567673926428581,0.6838842975206612,0.6537200049272887,30.119799827544902,0.1359189632972264
90,0.3,clustered,101,93101,NSGA-II,True,4.8,2,4.8,0.0,0.0,True,0.9359504132231404,0.2546205923738756,0.6838842975206612,0.1941037229246689,46.2063696976366,0.2567673926428581,0.6838842975206612,0.6537200049272887,30.119799827544902,0.1359189632972264
90,0.3,clustered,101,93101,Random,True,6.05,3,4.8,1.25,0.2604166666666667,False,0.9359504132231404,0.2546205923738756,0.6838842975206612,0.1941037229246689,46.2063696976366,0.2567673926428581,0.7107438016528925,0.6591182881949601,30.3058599131764,0.1352014794957072
90,0.3,clustered,202,93202,CC-Exact,True,4.0,2,4.0,0.0,0.0,True,0.9090909090909092,0.2454254986017318,0.640495867768595,0.2228911684776235,45.19880910328318,0.2348713523343376,0.640495867768595,0.6049563990744924,31.82652603239277,0.1729199106367979
90,0.3,clustered,202,93202,Greedy,True,4.0,2,4.0,0.0,0.0,True,0.9090909090909092,0.2454254986017318,0.640495867768595,0.2228911684776235,45.19880910328318,0.2348713523343376,0.640495867768595,0.6049563990744924,31.82652603239277,0.1729199106367979
90,0.3,clustered,202,93202,GA,True,4.0,2,4.0,0.0,0.0,True,0.9090909090909092,0.2454254986017318,0.640495867768595,0.2228911684776235,45.19880910328318,0.2348713523343376,0.640495867768595,0.6049563990744924,31.82652603239277,0.1729199106367979
90,0.3,clustered,202,93202,PSO,True,4.0,2,4.0,0.0,0.0,True,0.9090909090909092,0.2454254986017318,0.640495867768595,0.2228911684776235,45.19880910328318,0.2348713523343376,0.640495867768595,0.6049563990744924,31.82652603239277,0.1729199106367979
90,0.3,clustered,202,93202,NSGA-II,True,4.0,2,4.0,0.0,0.0,True,0.9090909090909092,0.2454254986017318,0.640495867768595,0.2228911684776235,45.19880910328318,0.2348713523343376,0.640495867768595,0.6049563990744924,31.82652603239277,0.1729199106367979
90,0.3,clustered,202,93202,Random,True,5.0,3,4.0,1.0,0.25,False,0.9090909090909092,0.2454254986017318,0.640495867768595,0.2228911684776235,45.19880910328318,0.2348713523343376,0.6632231404958677,0.6022163471615001,31.922427849347493,0.1730632853129379
90,0.3,clustered,303,93303,CC-Exact,True,4.8,2,4.8,0.0,0.0,True,0.96900826446281,0.2524249676225078,0.71900826446281,0.2802339870083528,43.19181045470766,0.2372629469669946,0.71900826446281,0.6586952314676493,29.945666898632265,0.1353857444084151
90,0.3,clustered,303,93303,Greedy,True,6.4,3,4.8,1.6000000000000003,0.3333333333333335,False,0.96900826446281,0.2524249676225078,0.71900826446281,0.2802339870083528,43.19181045470766,0.2372629469669946,0.71900826446281,0.7566902114032019,26.51584260088793,0.1353857444084151
90,0.3,clustered,303,93303,GA,True,4.8,2,4.8,0.0,0.0,True,0.96900826446281,0.2524249676225078,0.71900826446281,0.2802339870083528,43.19181045470766,0.2372629469669946,0.71900826446281,0.6586952314676493,29.945666898632265,0.1353857444084151
90,0.3,clustered,303,93303,PSO,True,4.8,2,4.8,0.0,0.0,True,0.96900826446281,0.2524249676225078,0.71900826446281,0.2802339870083528,43.19181045470766,0.2372629469669946,0.71900826446281,0.6586952314676493,29.945666898632265,0.1353857444084151
90,0.3,clustered,303,93303,NSGA-II,True,4.8,2,4.8,0.0,0.0,True,0.96900826446281,0.2524249676225078,0.71900826446281,0.2802339870083528,43.19181045470766,0.2372629469669946,0.71900826446281,0.6586952314676493,29.945666898632265,0.1353857444084151
90,0.3,clustered,303,93303,Random,True,5.8,3,4.8,1.0,0.2083333333333333,False,0.96900826446281,0.2524249676225078,0.71900826446281,0.2802339870083528,43.19181045470766,0.2372629469669946,0.7520661157024794,0.6557669854269199,30.048155510057803,0.1355164757462822
90,0.3,gateway-near,101,93101,CC-Exact,True,6.4,3,6.4,0.0,0.0,True,0.9359504132231404,0.2546205923738756,0.8057851239669421,0.0442867773974322,51.44996279108987,0.2907259712187477,0.8057851239669421,0.6009665738982207,31.966169913562275,0.1701902532594596
90,0.3,gateway-near,101,93101,Greedy,True,6.5,4,6.4,0.0999999999999996,0.0156249999999999,False,0.9359504132231404,0.2546205923738756,0.8057851239669421,0.0442867773974322,51.44996279108987,0.2907259712187477,0.878099173553719,0.6196279702819212,44.97455950167123,0.1820981375848403
90,0.3,gateway-near,101,93101,GA,True,6.4,3,6.4,0.0,0.0,True,0.9359504132231404,0.2546205923738756,0.8057851239669421,0.0442867773974322,51.44996279108987,0.2907259712187477,0.8057851239669421,0.6009665738982207,31.966169913562275,0.1701902532594596
90,0.3,gateway-near,101,93101,PSO,True,6.4,3,6.4,0.0,0.0,True,0.9359504132231404,0.2546205923738756,0.8057851239669421,0.0442867773974322,51.44996279108987,0.2907259712187477,0.8057851239669421,0.6009665738982207,31.966169913562275,0.1701902532594596
90,0.3,gateway-near,101,93101,NSGA-II,True,6.4,3,6.4,0.0,0.0,True,0.9359504132231404,0.2546205923738756,0.8057851239669421,0.0442867773974322,51.44996279108987,0.2907259712187477,0.8057851239669421,0.6009665738982207,31.966169913562275,0.1701902532594596
90,0.3,gateway-near,101,93101,Random,True,6.4,3,6.4,0.0,0.0,True,0.9359504132231404,0.2546205923738756,0.8057851239669421,0.0442867773974322,51.44996279108987,0.2907259712187477,0.8057851239669421,0.6009665738982207,31.966169913562275,0.1701902532594596
90,0.3,gateway-near,202,93202,CC-Exact,True,6.05,3,6.05,0.0,0.0,True,0.9090909090909092,0.2454254986017318,0.7706611570247934,0.0489013295315132,51.28845346639704,0.2692106536636936,0.8078512396694215,0.6321646539302712,36.12423711244051,0.1432558681184415
90,0.3,gateway-near,202,93202,Greedy,True,6.05,3,6.05,0.0,0.0,True,0.9090909090909092,0.2454254986017318,0.7706611570247934,0.0489013295315132,51.28845346639704,0.2692106536636936,0.8078512396694215,0.6321646539302712,36.12423711244051,0.1432558681184415
90,0.3,gateway-near,202,93202,GA,True,6.05,3,6.05,0.0,0.0,True,0.9090909090909092,0.2454254986017318,0.7706611570247934,0.0489013295315132,51.28845346639704,0.2692106536636936,0.8078512396694215,0.6321646539302712,36.12423711244051,0.1432558681184415
90,0.3,gateway-near,202,93202,PSO,True,6.05,3,6.05,0.0,0.0,True,0.9090909090909092,0.2454254986017318,0.7706611570247934,0.0489013295315132,51.28845346639704,0.2692106536636936,0.8078512396694215,0.6321646539302712,36.12423711244051,0.1432558681184415
90,0.3,gateway-near,202,93202,NSGA-II,True,6.05,3,6.05,0.0,0.0,True,0.9090909090909092,0.2454254986017318,0.7706611570247934,0.0489013295315132,51.28845346639704,0.2692106536636936,0.8078512396694215,0.6321646539302712,36.12423711244051,0.1432558681184415
90,0.3,gateway-near,202,93202,Random,True,6.05,3,6.05,0.0,0.0,True,0.9090909090909092,0.2454254986017318,0.7706611570247934,0.0489013295315132,51.28845346639704,0.2692106536636936,0.8078512396694215,0.6321646539302712,36.12423711244051,0.1432558681184415
90,0.3,gateway-near,303,93303,CC-Exact,True,7.65,4,7.65,0.0,0.0,True,0.96900826446281,0.2524249676225078,0.8326446280991735,0.0483657340065558,51.30719930977055,0.3007429006758857,0.8698347107438017,0.6208841751750076,37.644053868874735,0.1687374962554127
90,0.3,gateway-near,303,93303,Greedy,True,7.65,4,7.65,0.0,0.0,True,0.96900826446281,0.2524249676225078,0.8326446280991735,0.0483657340065558,51.30719930977055,0.3007429006758857,0.8698347107438017,0.6208841751750076,37.644053868874735,0.1687374962554127
90,0.3,gateway-near,303,93303,GA,True,7.65,4,7.65,0.0,0.0,True,0.96900826446281,0.2524249676225078,0.8326446280991735,0.0483657340065558,51.30719930977055,0.3007429006758857,0.8698347107438017,0.6208841751750076,37.644053868874735,0.1687374962554127
90,0.3,gateway-near,303,93303,PSO,True,7.65,4,7.65,0.0,0.0,True,0.96900826446281,0.2524249676225078,0.8326446280991735,0.0483657340065558,51.30719930977055,0.3007429006758857,0.8698347107438017,0.6208841751750076,37.644053868874735,0.1687374962554127
90,0.3,gateway-near,303,93303,NSGA-II,True,7.65,4,7.65,0.0,0.0,True,0.96900826446281,0.2524249676225078,0.8326446280991735,0.0483657340065558,51.30719930977055,0.3007429006758857,0.871900826446281,0.6116636925548596,37.21677076057992,0.180154299705306
90,0.3,gateway-near,303,93303,Random,True,7.65,4,7.65,0.0,0.0,True,0.96900826446281,0.2524249676225078,0.8326446280991735,0.0483657340065558,51.30719930977055,0.3007429006758857,0.871900826446281,0.6116636925548596,37.21677076057992,0.180154299705306
90,0.3,peripheral,101,93101,CC-Exact,True,4.0,2,4.0,0.0,0.0,True,0.9359504132231404,0.2546205923738756,0.7355371900826446,0.3629126418158404,40.29805753644558,0.1773105007014977,0.7355371900826446,0.6145603035140712,31.490389377007503,0.1530194839939906
90,0.3,peripheral,101,93101,Greedy,True,4.0,2,4.0,0.0,0.0,True,0.9359504132231404,0.2546205923738756,0.7355371900826446,0.3629126418158404,40.29805753644558,0.1773105007014977,0.7355371900826446,0.6145603035140712,31.490389377007503,0.1530194839939906
90,0.3,peripheral,101,93101,GA,True,4.0,2,4.0,0.0,0.0,True,0.9359504132231404,0.2546205923738756,0.7355371900826446,0.3629126418158404,40.29805753644558,0.1773105007014977,0.7355371900826446,0.6145603035140712,31.490389377007503,0.1530194839939906
90,0.3,peripheral,101,93101,PSO,True,4.0,2,4.0,0.0,0.0,True,0.9359504132231404,0.2546205923738756,0.7355371900826446,0.3629126418158404,40.29805753644558,0.1773105007014977,0.7355371900826446,0.6261740209676648,31.083909266131737,0.1523314549772149
90,0.3,peripheral,101,93101,NSGA-II,True,4.0,2,4.0,0.0,0.0,True,0.9359504132231404,0.2546205923738756,0.7355371900826446,0.3629126418158404,40.29805753644558,0.1773105007014977,0.7355371900826446,0.6145603035140712,31.490389377007503,0.1530194839939906
90,0.3,peripheral,101,93101,Random,True,4.0,2,4.0,0.0,0.0,True,0.9359504132231404,0.2546205923738756,0.7355371900826446,0.3629126418158404,40.29805753644558,0.1773105007014977,0.7355371900826446,0.6145603035140712,31.490389377007503,0.1530194839939906
90,0.3,peripheral,202,93202,CC-Exact,True,4.0,2,4.0,0.0,0.0,True,0.9090909090909092,0.2454254986017318,0.6797520661157025,0.348908070573714,40.78821752992002,0.1740931205627338,0.6797520661157025,0.6008945710574238,31.96869001299017,0.1564615082351035
90,0.3,peripheral,202,93202,Greedy,True,4.0,2,4.0,0.0,0.0,True,0.9090909090909092,0.2454254986017318,0.6797520661157025,0.348908070573714,40.78821752992002,0.1740931205627338,0.6797520661157025,0.6008945710574238,31.96869001299017,0.1564615082351035
90,0.3,peripheral,202,93202,GA,True,4.0,2,4.0,0.0,0.0,True,0.9090909090909092,0.2454254986017318,0.6797520661157025,0.348908070573714,40.78821752992002,0.1740931205627338,0.6797520661157025,0.6008945710574238,31.96869001299017,0.1564615082351035
90,0.3,peripheral,202,93202,PSO,True,4.0,2,4.0,0.0,0.0,True,0.9090909090909092,0.2454254986017318,0.6797520661157025,0.348908070573714,40.78821752992002,0.1740931205627338,0.6797520661157025,0.6673272731098476,29.64354544115533,0.144437700448574
90,0.3,peripheral,202,93202,NSGA-II,True,4.0,2,4.0,0.0,0.0,True,0.9090909090909092,0.2454254986017318,0.6797520661157025,0.348908070573714,40.78821752992002,0.1740931205627338,0.6797520661157025,0.6008945710574238,31.96869001299017,0.1564615082351035
90,0.3,peripheral,202,93202,Random,True,4.0,2,4.0,0.0,0.0,True,0.9090909090909092,0.2454254986017318,0.6797520661157025,0.348908070573714,40.78821752992002,0.1740931205627338,0.6797520661157025,0.6008945710574238,31.96869001299017,0.1564615082351035
90,0.3,peripheral,303,93303,CC-Exact,True,4.0,2,4.0,0.0,0.0,True,0.96900826446281,0.2524249676225078,0.756198347107438,0.3599210223162302,40.40276421893194,0.1805589630721654,0.756198347107438,0.6149110663463678,31.478112677877125,0.1581791319786943
90,0.3,peripheral,303,93303,Greedy,True,4.0,2,4.0,0.0,0.0,True,0.96900826446281,0.2524249676225078,0.756198347107438,0.3599210223162302,40.40276421893194,0.1805589630721654,0.756198347107438,0.6149110663463678,31.478112677877125,0.1581791319786943
90,0.3,peripheral,303,93303,GA,True,4.0,2,4.0,0.0,0.0,True,0.96900826446281,0.2524249676225078,0.756198347107438,0.3599210223162302,40.40276421893194,0.1805589630721654,0.756198347107438,0.6503473512766694,30.237842705316567,0.1516428544824045
90,0.3,peripheral,303,93303,PSO,True,4.0,2,4.0,0.0,0.0,True,0.96900826446281,0.2524249676225078,0.756198347107438,0.3599210223162302,40.40276421893194,0.1805589630721654,0.756198347107438,0.6149110663463678,31.478112677877125,0.1581791319786943
90,0.3,peripheral,303,93303,NSGA-II,True,4.0,2,4.0,0.0,0.0,True,0.96900826446281,0.2524249676225078,0.756198347107438,0.3599210223162302,40.40276421893194,0.1805589630721654,0.756198347107438,0.6149110663463678,31.478112677877125,0.1581791319786943
90,0.3,peripheral,303,93303,Random,True,4.0,2,4.0,0.0,0.0,True,0.96900826446281,0.2524249676225078,0.756198347107438,0.3599210223162302,40.40276421893194,0.1805589630721654,0.756198347107438,0.6503473512766694,30.237842705316567,0.1516428544824045
90,0.3,coverage-critical,101,93101,CC-Exact,True,4.8,2,4.8,0.0,0.0,True,0.9359504132231404,0.2546205923738756,0.7665289256198347,0.2056542492687992,45.80210127559203,0.2296434924897685,0.7665289256198347,0.6346943030764114,30.7856993923256,0.1368232602013288
90,0.3,coverage-critical,101,93101,Greedy,True,5.25,3,4.8,0.4500000000000002,0.09375,False,0.9359504132231404,0.2546205923738756,0.7665289256198347,0.2056542492687992,45.80210127559203,0.2296434924897685,0.7830578512396694,0.6256311391827408,33.72791012860407,0.1618665828192027
90,0.3,coverage-critical,101,93101,GA,True,5.25,3,4.8,0.4500000000000002,0.09375,False,0.9359504132231404,0.2546205923738756,0.7665289256198347,0.2056542492687992,45.80210127559203,0.2296434924897685,0.7830578512396694,0.6105554620459634,33.50555882839128,0.1637882157384785
90,0.3,coverage-critical,101,93101,PSO,True,4.8,2,4.8,0.0,0.0,True,0.9359504132231404,0.2546205923738756,0.7665289256198347,0.2056542492687992,45.80210127559203,0.2296434924897685,0.7665289256198347,0.6346943030764114,30.7856993923256,0.1368232602013288
90,0.3,coverage-critical,101,93101,NSGA-II,True,4.8,2,4.8,0.0,0.0,True,0.9359504132231404,0.2546205923738756,0.7665289256198347,0.2056542492687992,45.80210127559203,0.2296434924897685,0.7665289256198347,0.6346943030764114,30.7856993923256,0.1368232602013288
90,0.3,coverage-critical,101,93101,Random,True,5.25,3,4.8,0.4500000000000002,0.09375,False,0.9359504132231404,0.2546205923738756,0.7665289256198347,0.2056542492687992,45.80210127559203,0.2296434924897685,0.7830578512396694,0.6105554620459634,33.50555882839128,0.1637882157384785
90,0.3,coverage-critical,202,93202,CC-Exact,True,4.0,2,4.0,0.0,0.0,True,0.9090909090909092,0.2454254986017318,0.6900826446280992,0.200259955574215,45.99090155490247,0.2203376172653272,0.6900826446280992,0.6260385306554885,31.0886514270579,0.1592380824653671
90,0.3,coverage-critical,202,93202,Greedy,True,4.0,2,4.0,0.0,0.0,True,0.9090909090909092,0.2454254986017318,0.6900826446280992,0.200259955574215,45.99090155490247,0.2203376172653272,0.6900826446280992,0.6260385306554885,31.0886514270579,0.1592380824653671
90,0.3,coverage-critical,202,93202,GA,True,4.0,2,4.0,0.0,0.0,True,0.9090909090909092,0.2454254986017318,0.6900826446280992,0.200259955574215,45.99090155490247,0.2203376172653272,0.6900826446280992,0.6260385306554885,31.0886514270579,0.1592380824653671
90,0.3,coverage-critical,202,93202,PSO,True,4.0,2,4.0,0.0,0.0,True,0.9090909090909092,0.2454254986017318,0.6900826446280992,0.200259955574215,45.99090155490247,0.2203376172653272,0.6900826446280992,0.6260385306554885,31.0886514270579,0.1592380824653671
90,0.3,coverage-critical,202,93202,NSGA-II,True,4.0,2,4.0,0.0,0.0,True,0.9090909090909092,0.2454254986017318,0.6900826446280992,0.200259955574215,45.99090155490247,0.2203376172653272,0.6900826446280992,0.6260385306554885,31.0886514270579,0.1592380824653671
90,0.3,coverage-critical,202,93202,Random,True,5.0,3,4.0,1.0,0.25,False,0.9090909090909092,0.2454254986017318,0.6900826446280992,0.200259955574215,45.99090155490247,0.2203376172653272,0.7066115702479339,0.6317989984909915,30.887035052815296,0.157813220133539
90,0.3,coverage-critical,303,93303,CC-Exact,True,6.05,3,6.05,0.0,0.0,True,0.96900826446281,0.2524249676225078,0.7830578512396694,0.2264120740414075,45.07557740855074,0.235366066427238,0.8202479338842975,0.6039409989322723,34.48706503737047,0.1499224286650944
90,0.3,coverage-critical,303,93303,Greedy,True,6.5,4,6.05,0.4500000000000002,0.0743801652892562,False,0.96900826446281,0.2524249676225078,0.7830578512396694,0.2264120740414075,45.07557740855074,0.235366066427238,0.8533057851239669,0.6015707936720196,42.28348375994086,0.1876031535777391
90,0.3,coverage-critical,303,93303,GA,True,6.05,3,6.05,0.0,0.0,True,0.96900826446281,0.2524249676225078,0.7830578512396694,0.2264120740414075,45.07557740855074,0.235366066427238,0.8202479338842975,0.6039409989322723,34.48706503737047,0.1499224286650944
90,0.3,coverage-critical,303,93303,PSO,True,6.05,3,6.05,0.0,0.0,True,0.96900826446281,0.2524249676225078,0.7830578512396694,0.2264120740414075,45.07557740855074,0.235366066427238,0.8202479338842975,0.6039409989322723,34.48706503737047,0.1499224286650944
90,0.3,coverage-critical,303,93303,NSGA-II,True,6.05,3,6.05,0.0,0.0,True,0.96900826446281,0.2524249676225078,0.7830578512396694,0.2264120740414075,45.07557740855074,0.235366066427238,0.8202479338842975,0.6039409989322723,34.48706503737047,0.1499224286650944
90,0.3,coverage-critical,303,93303,Random,True,6.05,3,6.05,0.0,0.0,True,0.96900826446281,0.2524249676225078,0.7830578512396694,0.2264120740414075,45.07557740855074,0.235366066427238,0.8202479338842975,0.6039409989322723,34.48706503737047,0.1499224286650944
90,0.45,random,101,94601,CC-Exact,True,6.05,3,6.05,0.0,0.0,True,0.9669421487603306,0.2238598296767047,0.8677685950413223,0.2462203368459216,44.38228821039274,0.2516741203857237,0.8801652892561983,0.6183090920902642,35.594475894487815,0.1505070817088352
90,0.45,random,101,94601,Greedy,True,7.75,5,6.05,1.7000000000000002,0.2809917355371901,False,0.9669421487603306,0.2238598296767047,0.8677685950413223,0.2462203368459216,44.38228821039274,0.2516741203857237,0.9111570247933884,0.6446697924249467,41.757311982108014,0.1707731892817015
90,0.45,random,101,94601,GA,True,6.25,4,6.05,0.2000000000000001,0.0330578512396694,False,0.9669421487603306,0.2238598296767047,0.8677685950413223,0.2462203368459216,44.38228821039274,0.2516741203857237,0.8884297520661157,0.6051407976819225,38.28161054267117,0.1765963735735151
90,0.45,random,101,94601,PSO,True,6.05,3,6.05,0.0,0.0,True,0.9669421487603306,0.2238598296767047,0.8677685950413223,0.2462203368459216,44.38228821039274,0.2516741203857237,0.8842975206611571,0.6022088560755627,34.74621944912001,0.1591633905885391
90,0.45,random,101,94601,NSGA-II,True,6.05,3,6.05,0.0,0.0,True,0.9669421487603306,0.2238598296767047,0.8677685950413223,0.2462203368459216,44.38228821039274,0.2516741203857237,0.8842975206611571,0.6022088560755627,34.74621944912001,0.1591633905885391
90,0.45,random,101,94601,Random,True,6.05,3,6.05,0.0,0.0,True,0.9669421487603306,0.2238598296767047,0.8677685950413223,0.2462203368459216,44.38228821039274,0.2516741203857237,0.8801652892561983,0.6183090920902642,35.594475894487815,0.1505070817088352
90,0.45,random,202,94702,CC-Exact,True,4.8,2,4.8,0.0,0.0,True,0.9400826446280992,0.2379717050830893,0.8388429752066116,0.2667237120924852,43.664670076763024,0.2375450668050458,0.8388429752066116,0.6760209912411006,29.339265306561472,0.1461075033664642
90,0.45,random,202,94702,Greedy,True,4.8,2,4.8,0.0,0.0,True,0.9400826446280992,0.2379717050830893,0.8388429752066116,0.2667237120924852,43.664670076763024,0.2375450668050458,0.8388429752066116,0.6760209912411006,29.339265306561472,0.1461075033664642
90,0.45,random,202,94702,GA,True,5.25,3,4.8,0.4500000000000002,0.09375,False,0.9400826446280992,0.2379717050830893,0.8388429752066116,0.2667237120924852,43.664670076763024,0.2375450668050458,0.8657024793388429,0.6235927041458045,34.93896123724978,0.1722435990740914
90,0.45,random,202,94702,PSO,True,4.8,2,4.8,0.0,0.0,True,0.9400826446280992,0.2379717050830893,0.8388429752066116,0.2667237120924852,43.664670076763024,0.2375450668050458,0.8388429752066116,0.6760209912411006,29.339265306561472,0.1461075033664642
90,0.45,random,202,94702,NSGA-II,True,4.8,2,4.8,0.0,0.0,True,0.9400826446280992,0.2379717050830893,0.8388429752066116,0.2667237120924852,43.664670076763024,0.2375450668050458,0.8388429752066116,0.6760209912411006,29.339265306561472,0.1461075033664642
90,0.45,random,202,94702,Random,True,5.25,3,4.8,0.4500000000000002,0.09375,False,0.9400826446280992,0.2379717050830893,0.8388429752066116,0.2667237120924852,43.664670076763024,0.2375450668050458,0.8553719008264463,0.6353031115960059,34.99968521178685,0.1703976791109979
90,0.45,random,303,94803,CC-Exact,True,6.4,3,6.4,0.0,0.0,True,0.9380165289256198,0.2788052065088275,0.8946280991735537,0.2839593111443905,43.06142410994633,0.2250351047787041,0.8946280991735537,0.6345657353983603,30.790199261057392,0.1683649965099745
90,0.45,random,303,94803,Greedy,True,6.5,4,6.4,0.0999999999999996,0.0156249999999999,False,0.9380165289256198,0.2788052065088275,0.8946280991735537,0.2839593111443905,43.06142410994633,0.2250351047787041,0.9235537190082644,0.61071440093127,36.24038058279016,0.1756181827308581
90,0.45,random,303,94803,GA,True,6.4,3,6.4,0.0,0.0,True,0.9380165289256198,0.2788052065088275,0.8946280991735537,0.2839593111443905,43.06142410994633,0.2250351047787041,0.8946280991735537,0.6345657353983603,30.790199261057392,0.1683649965099745
90,0.45,random,303,94803,PSO,True,6.4,3,6.4,0.0,0.0,True,0.9380165289256198,0.2788052065088275,0.8946280991735537,0.2839593111443905,43.06142410994633,0.2250351047787041,0.8946280991735537,0.6345657353983603,30.790199261057392,0.1683649965099745
90,0.45,random,303,94803,NSGA-II,True,6.4,3,6.4,0.0,0.0,True,0.9380165289256198,0.2788052065088275,0.8946280991735537,0.2839593111443905,43.06142410994633,0.2250351047787041,0.8946280991735537,0.6345657353983603,30.790199261057392,0.1683649965099745
90,0.45,random,303,94803,Random,True,6.5,4,6.4,0.0999999999999996,0.0156249999999999,False,0.9380165289256198,0.2788052065088275,0.8946280991735537,0.2839593111443905,43.06142410994633,0.2250351047787041,0.9235537190082644,0.61071440093127,36.24038058279016,0.1756181827308581
90,0.45,clustered,101,94601,CC-Exact,True,4.0,2,4.0,0.0,0.0,True,0.9669421487603306,0.2238598296767047,0.6033057851239669,0.1963455189754201,46.12790683586029,0.2560864788679697,0.6033057851239669,0.609119965459741,31.68080120890906,0.1761012336465885
90,0.45,clustered,101,94601,Greedy,True,4.0,2,4.0,0.0,0.0,True,0.9669421487603306,0.2238598296767047,0.6033057851239669,0.1963455189754201,46.12790683586029,0.2560864788679697,0.6033057851239669,0.609119965459741,31.68080120890906,0.1761012336465885
90,0.45,clustered,101,94601,GA,True,4.0,2,4.0,0.0,0.0,True,0.9669421487603306,0.2238598296767047,0.6033057851239669,0.1963455189754201,46.12790683586029,0.2560864788679697,0.6033057851239669,0.609119965459741,31.68080120890906,0.1761012336465885
90,0.45,clustered,101,94601,PSO,True,4.0,2,4.0,0.0,0.0,True,0.9669421487603306,0.2238598296767047,0.6033057851239669,0.1963455189754201,46.12790683586029,0.2560864788679697,0.6033057851239669,0.609119965459741,31.68080120890906,0.1761012336465885
90,0.45,clustered,101,94601,NSGA-II,True,4.0,2,4.0,0.0,0.0,True,0.9669421487603306,0.2238598296767047,0.6033057851239669,0.1963455189754201,46.12790683586029,0.2560864788679697,0.6033057851239669,0.609119965459741,31.68080120890906,0.1761012336465885
90,0.45,clustered,101,94601,Random,True,5.0,3,4.0,1.0,0.25,False,0.9669421487603306,0.2238598296767047,0.6033057851239669,0.1963455189754201,46.12790683586029,0.2560864788679697,0.6239669421487604,0.6133039997273033,31.53436000954438,0.1751906325224813
90,0.45,clustered,202,94702,CC-Exact,True,4.0,2,4.0,0.0,0.0,True,0.9400826446280992,0.2379717050830893,0.6363636363636364,0.222671162878059,45.206509299267935,0.259285204778043,0.6363636363636364,0.6197983926589565,31.307056256936526,0.1838700799989704
90,0.45,clustered,202,94702,Greedy,True,4.0,2,4.0,0.0,0.0,True,0.9400826446280992,0.2379717050830893,0.6363636363636364,0.222671162878059,45.206509299267935,0.259285204778043,0.6363636363636364,0.6197983926589565,31.307056256936526,0.1838700799989704
90,0.45,clustered,202,94702,GA,True,4.0,2,4.0,0.0,0.0,True,0.9400826446280992,0.2379717050830893,0.6363636363636364,0.222671162878059,45.206509299267935,0.259285204778043,0.6363636363636364,0.6197983926589565,31.307056256936526,0.1838700799989704
90,0.45,clustered,202,94702,PSO,True,4.0,2,4.0,0.0,0.0,True,0.9400826446280992,0.2379717050830893,0.6363636363636364,0.222671162878059,45.206509299267935,0.259285204778043,0.6363636363636364,0.6197983926589565,31.307056256936526,0.1838700799989704
90,0.45,clustered,202,94702,NSGA-II,True,4.0,2,4.0,0.0,0.0,True,0.9400826446280992,0.2379717050830893,0.6363636363636364,0.222671162878059,45.206509299267935,0.259285204778043,0.6363636363636364,0.6197983926589565,31.307056256936526,0.1838700799989704
90,0.45,clustered,202,94702,Random,True,4.0,2,4.0,0.0,0.0,True,0.9400826446280992,0.2379717050830893,0.6363636363636364,0.222671162878059,45.206509299267935,0.259285204778043,0.6363636363636364,0.6197983926589565,31.307056256936526,0.1838700799989704
90,0.45,clustered,303,94803,CC-Exact,True,7.4,4,7.4,0.0,0.0,True,0.9380165289256198,0.2788052065088275,0.5929752066115702,0.1699232677715631,47.052685627995295,0.2411058999413029,0.6012396694214877,0.6087065457766454,31.695270897817405,0.1693435188213843
90,0.45,clustered,303,94803,Greedy,True,7.4,4,7.4,0.0,0.0,True,0.9380165289256198,0.2788052065088275,0.5929752066115702,0.1699232677715631,47.052685627995295,0.2411058999413029,0.6012396694214877,0.6087065457766454,31.695270897817405,0.1693435188213843
90,0.45,clustered,303,94803,GA,True,7.4,4,7.4,0.0,0.0,True,0.9380165289256198,0.2788052065088275,0.5929752066115702,0.1699232677715631,47.052685627995295,0.2411058999413029,0.6033057851239669,0.6095223710890606,31.66671701188287,0.1688634434778184
90,0.45,clustered,303,94803,PSO,True,7.4,4,7.4,0.0,0.0,True,0.9380165289256198,0.2788052065088275,0.5929752066115702,0.1699232677715631,47.052685627995295,0.2411058999413029,0.6012396694214877,0.6087065457766454,31.695270897817405,0.1693435188213843
90,0.45,clustered,303,94803,NSGA-II,True,7.4,4,7.4,0.0,0.0,True,0.9380165289256198,0.2788052065088275,0.5929752066115702,0.1699232677715631,47.052685627995295,0.2411058999413029,0.6012396694214877,0.6087065457766454,31.695270897817405,0.1693435188213843
90,0.45,clustered,303,94803,Random,True,7.65,4,7.4,0.25,0.0337837837837837,False,0.9380165289256198,0.2788052065088275,0.5929752066115702,0.1699232677715631,47.052685627995295,0.2411058999413029,0.6363636363636364,0.6097243795339082,32.13023495160732,0.1691462633716961
90,0.45,gateway-near,101,94601,CC-Exact,True,8.65,5,8.65,0.0,0.0,True,0.9669421487603306,0.2238598296767047,0.71900826446281,0.0098558887288108,52.65504389449162,0.3418088368771518,0.7727272727272727,0.6049194450323542,36.443204039252215,0.1824932562390408
90,0.45,gateway-near,101,94601,Greedy,True,8.65,5,8.65,0.0,0.0,True,0.9669421487603306,0.2238598296767047,0.71900826446281,0.0098558887288108,52.65504389449162,0.3418088368771518,0.7727272727272727,0.6049194450323542,36.443204039252215,0.1824932562390408
90,0.45,gateway-near,101,94601,GA,True,8.65,5,8.65,0.0,0.0,True,0.9669421487603306,0.2238598296767047,0.71900826446281,0.0098558887288108,52.65504389449162,0.3418088368771518,0.7727272727272727,0.6049194450323542,36.443204039252215,0.1824932562390408
90,0.45,gateway-near,101,94601,PSO,True,8.65,5,8.65,0.0,0.0,True,0.9669421487603306,0.2238598296767047,0.71900826446281,0.0098558887288108,52.65504389449162,0.3418088368771518,0.7727272727272727,0.6049194450323542,36.443204039252215,0.1824932562390408
90,0.45,gateway-near,101,94601,NSGA-II,True,8.65,5,8.65,0.0,0.0,True,0.9669421487603306,0.2238598296767047,0.71900826446281,0.0098558887288108,52.65504389449162,0.3418088368771518,0.7727272727272727,0.6049194450323542,36.443204039252215,0.1824932562390408
90,0.45,gateway-near,101,94601,Random,True,8.9,5,8.65,0.25,0.0289017341040462,False,0.9669421487603306,0.2238598296767047,0.71900826446281,0.0098558887288108,52.65504389449162,0.3418088368771518,0.8037190082644629,0.6089427755966518,36.763925931040255,0.1824035947320625
90,0.45,gateway-near,202,94702,CC-Exact,True,7.65,4,7.65,0.0,0.0,True,0.9400826446280992,0.2379717050830893,0.6900826446280992,0.009996456224634,52.65012403213781,0.3379492156288572,0.7334710743801653,0.6027397567232736,37.08057910292071,0.1885099111345405
90,0.45,gateway-near,202,94702,Greedy,True,7.65,4,7.65,0.0,0.0,True,0.9400826446280992,0.2379717050830893,0.6900826446280992,0.009996456224634,52.65012403213781,0.3379492156288572,0.7334710743801653,0.6027397567232736,37.08057910292071,0.1885099111345405
90,0.45,gateway-near,202,94702,GA,True,7.65,4,7.65,0.0,0.0,True,0.9400826446280992,0.2379717050830893,0.6900826446280992,0.009996456224634,52.65012403213781,0.3379492156288572,0.7334710743801653,0.6256488446225851,34.866996320562464,0.1814114940743181
90,0.45,gateway-near,202,94702,PSO,True,7.65,4,7.65,0.0,0.0,True,0.9400826446280992,0.2379717050830893,0.6900826446280992,0.009996456224634,52.65012403213781,0.3379492156288572,0.7334710743801653,0.6027397567232736,37.08057910292071,0.1885099111345405
90,0.45,gateway-near,202,94702,NSGA-II,True,7.65,4,7.65,0.0,0.0,True,0.9400826446280992,0.2379717050830893,0.6900826446280992,0.009996456224634,52.65012403213781,0.3379492156288572,0.7334710743801653,0.6256488446225851,34.866996320562464,0.1814114940743181
90,0.45,gateway-near,202,94702,Random,True,7.65,4,7.65,0.0,0.0,True,0.9400826446280992,0.2379717050830893,0.6900826446280992,0.009996456224634,52.65012403213781,0.3379492156288572,0.7334710743801653,0.6256488446225851,34.866996320562464,0.1814114940743181
90,0.45,gateway-near,303,94803,CC-Exact,False,,-1,,,,False,0.9380165289256198,0.2788052065088275,0.7458677685950413,0.0256873388815219,52.10094313914673,0.2912976525945621,0.7458677685950413,0.0256873388815219,52.10094313914673,0.2912976525945621
90,0.45,gateway-near,303,94803,Greedy,False,12.15,8,,,,False,0.9380165289256198,0.2788052065088275,0.7458677685950413,0.0256873388815219,52.10094313914673,0.2912976525945621,0.859504132231405,0.5712060400661658,45.22597041586602,0.1888755749568927
90,0.45,gateway-near,303,94803,GA,False,11.15,7,,,,False,0.9380165289256198,0.2788052065088275,0.7458677685950413,0.0256873388815219,52.10094313914673,0.2912976525945621,0.8553719008264463,0.5743731489839885,45.341384230004856,0.1889267246058687
90,0.45,gateway-near,303,94803,PSO,False,11.15,7,,,,False,0.9380165289256198,0.2788052065088275,0.7458677685950413,0.0256873388815219,52.10094313914673,0.2912976525945621,0.8553719008264463,0.5743731489839885,45.341384230004856,0.1889267246058687
90,0.45,gateway-near,303,94803,NSGA-II,False,11.15,7,,,,False,0.9380165289256198,0.2788052065088275,0.7458677685950413,0.0256873388815219,52.10094313914673,0.2912976525945621,0.8553719008264463,0.5743731489839885,45.341384230004856,0.1889267246058687
90,0.45,gateway-near,303,94803,Random,False,11.15,7,,,,False,0.9380165289256198,0.2788052065088275,0.7458677685950413,0.0256873388815219,52.10094313914673,0.2912976525945621,0.8553719008264463,0.5743731489839885,45.341384230004856,0.1889267246058687
90,0.45,peripheral,101,94601,CC-Exact,True,4.0,2,4.0,0.0,0.0,True,0.9669421487603306,0.2238598296767047,0.6198347107438017,0.4004655072239751,38.98370724716087,0.1613525717642712,0.6198347107438017,0.6374564355347816,30.68902475628265,0.1469055613568461
90,0.45,peripheral,101,94601,Greedy,True,4.0,2,4.0,0.0,0.0,True,0.9669421487603306,0.2238598296767047,0.6198347107438017,0.4004655072239751,38.98370724716087,0.1613525717642712,0.6198347107438017,0.6374564355347816,30.68902475628265,0.1469055613568461
90,0.45,peripheral,101,94601,GA,True,4.0,2,4.0,0.0,0.0,True,0.9669421487603306,0.2238598296767047,0.6198347107438017,0.4004655072239751,38.98370724716087,0.1613525717642712,0.6198347107438017,0.6374564355347816,30.68902475628265,0.1469055613568461
90,0.45,peripheral,101,94601,PSO,True,4.0,2,4.0,0.0,0.0,True,0.9669421487603306,0.2238598296767047,0.6198347107438017,0.4004655072239751,38.98370724716087,0.1613525717642712,0.6198347107438017,0.6916550690810479,28.792072582163325,0.137663618839031
90,0.45,peripheral,101,94601,NSGA-II,True,4.0,2,4.0,0.0,0.0,True,0.9669421487603306,0.2238598296767047,0.6198347107438017,0.4004655072239751,38.98370724716087,0.1613525717642712,0.6198347107438017,0.6374564355347816,30.68902475628265,0.1469055613568461
90,0.45,peripheral,101,94601,Random,True,4.0,2,4.0,0.0,0.0,True,0.9669421487603306,0.2238598296767047,0.6198347107438017,0.4004655072239751,38.98370724716087,0.1613525717642712,0.6198347107438017,0.6374564355347816,30.68902475628265,0.1469055613568461
90,0.45,peripheral,202,94702,CC-Exact,True,2.4,1,2.4,0.0,0.0,True,0.9400826446280992,0.2379717050830893,0.628099173553719,0.4245573313998278,38.140493401006026,0.1607330556359117,0.628099173553719,0.614804747086581,31.481833851969668,0.1335300566261836
90,0.45,peripheral,202,94702,Greedy,True,3.85,3,2.4,1.4500000000000002,0.6041666666666667,False,0.9400826446280992,0.2379717050830893,0.628099173553719,0.4245573313998278,38.140493401006026,0.1607330556359117,0.6528925619834711,0.6026998600777795,34.67473566650849,0.1582516046135462
90,0.45,peripheral,202,94702,GA,True,2.4,1,2.4,0.0,0.0,True,0.9400826446280992,0.2379717050830893,0.628099173553719,0.4245573313998278,38.140493401006026,0.1607330556359117,0.628099173553719,0.614804747086581,31.481833851969668,0.1335300566261836
90,0.45,peripheral,202,94702,PSO,True,2.4,1,2.4,0.0,0.0,True,0.9400826446280992,0.2379717050830893,0.628099173553719,0.4245573313998278,38.140493401006026,0.1607330556359117,0.628099173553719,0.614804747086581,31.481833851969668,0.1335300566261836
90,0.45,peripheral,202,94702,NSGA-II,True,2.4,1,2.4,0.0,0.0,True,0.9400826446280992,0.2379717050830893,0.628099173553719,0.4245573313998278,38.140493401006026,0.1607330556359117,0.628099173553719,0.614804747086581,31.481833851969668,0.1335300566261836
90,0.45,peripheral,202,94702,Random,True,2.4,1,2.4,0.0,0.0,True,0.9400826446280992,0.2379717050830893,0.628099173553719,0.4245573313998278,38.140493401006026,0.1607330556359117,0.628099173553719,0.614804747086581,31.481833851969668,0.1335300566261836
90,0.45,peripheral,303,94803,CC-Exact,True,4.85,4,4.85,0.0,0.0,True,0.9380165289256198,0.2788052065088275,0.5640495867768595,0.4920163465434027,35.77942787098091,0.1463255553543381,0.609504132231405,0.6429089056061694,30.951018492463323,0.1498291196999861
90,0.45,peripheral,303,94803,Greedy,True,4.85,4,4.85,0.0,0.0,True,0.9380165289256198,0.2788052065088275,0.5640495867768595,0.4920163465434027,35.77942787098091,0.1463255553543381,0.609504132231405,0.6429089056061694,30.951018492463323,0.1498291196999861
90,0.45,peripheral,303,94803,GA,True,4.85,4,4.85,0.0,0.0,True,0.9380165289256198,0.2788052065088275,0.5640495867768595,0.4920163465434027,35.77942787098091,0.1463255553543381,0.609504132231405,0.649820400334537,31.161946365649698,0.1487472072105074
90,0.45,peripheral,303,94803,PSO,True,4.85,4,4.85,0.0,0.0,True,0.9380165289256198,0.2788052065088275,0.5640495867768595,0.4920163465434027,35.77942787098091,0.1463255553543381,0.609504132231405,0.649820400334537,31.161946365649698,0.1487472072105074
90,0.45,peripheral,303,94803,NSGA-II,True,4.85,4,4.85,0.0,0.0,True,0.9380165289256198,0.2788052065088275,0.5640495867768595,0.4920163465434027,35.77942787098091,0.1463255553543381,0.609504132231405,0.6433227589872936,31.389363812803214,0.1501721090484405
90,0.45,peripheral,303,94803,Random,True,4.85,4,4.85,0.0,0.0,True,0.9380165289256198,0.2788052065088275,0.5640495867768595,0.4920163465434027,35.77942787098091,0.1463255553543381,0.609504132231405,0.649820400334537,31.161946365649698,0.1487472072105074
90,0.45,coverage-critical,101,94601,CC-Exact,True,6.4,3,6.4,0.0,0.0,True,0.9669421487603306,0.2238598296767047,0.6694214876033058,0.0628683250535973,50.79960862312409,0.2745139085303576,0.6694214876033058,0.6678144113507396,29.62649560272412,0.1501058502302082
90,0.45,coverage-critical,101,94601,Greedy,True,7.05,4,6.4,0.6499999999999995,0.1015624999999999,False,0.9669421487603306,0.2238598296767047,0.6694214876033058,0.0628683250535973,50.79960862312409,0.2745139085303576,0.7086776859504132,0.6068429069834249,34.52972902481089,0.1449932323987049
90,0.45,coverage-critical,101,94601,GA,True,6.4,3,6.4,0.0,0.0,True,0.9669421487603306,0.2238598296767047,0.6694214876033058,0.0628683250535973,50.79960862312409,0.2745139085303576,0.6694214876033058,0.6678144113507396,29.62649560272412,0.1501058502302082
90,0.45,coverage-critical,101,94601,PSO,True,6.4,3,6.4,0.0,0.0,True,0.9669421487603306,0.2238598296767047,0.6694214876033058,0.0628683250535973,50.79960862312409,0.2745139085303576,0.6694214876033058,0.6678144113507396,29.62649560272412,0.1501058502302082
90,0.45,coverage-critical,101,94601,NSGA-II,True,6.4,3,6.4,0.0,0.0,True,0.9669421487603306,0.2238598296767047,0.6694214876033058,0.0628683250535973,50.79960862312409,0.2745139085303576,0.6694214876033058,0.6678144113507396,29.62649560272412,0.1501058502302082
90,0.45,coverage-critical,101,94601,Random,True,6.4,3,6.4,0.0,0.0,True,0.9669421487603306,0.2238598296767047,0.6694214876033058,0.0628683250535973,50.79960862312409,0.2745139085303576,0.6694214876033058,0.6678144113507396,29.62649560272412,0.1501058502302082
90,0.45,coverage-critical,202,94702,CC-Exact,True,4.8,2,4.8,0.0,0.0,True,0.9400826446280992,0.2379717050830893,0.6342975206611571,0.0570359454775322,51.003741908286365,0.280430359680717,0.6342975206611571,0.6732531713034814,29.436139004378152,0.1452927793892066
90,0.45,coverage-critical,202,94702,Greedy,True,4.8,2,4.8,0.0,0.0,True,0.9400826446280992,0.2379717050830893,0.6342975206611571,0.0570359454775322,51.003741908286365,0.280430359680717,0.6342975206611571,0.6732531713034814,29.436139004378152,0.1452927793892066
90,0.45,coverage-critical,202,94702,GA,True,4.8,2,4.8,0.0,0.0,True,0.9400826446280992,0.2379717050830893,0.6342975206611571,0.0570359454775322,51.003741908286365,0.280430359680717,0.6342975206611571,0.6732531713034814,29.436139004378152,0.1452927793892066
90,0.45,coverage-critical,202,94702,PSO,True,4.8,2,4.8,0.0,0.0,True,0.9400826446280992,0.2379717050830893,0.6342975206611571,0.0570359454775322,51.003741908286365,0.280430359680717,0.6342975206611571,0.6732531713034814,29.436139004378152,0.1452927793892066
90,0.45,coverage-critical,202,94702,NSGA-II,True,4.8,2,4.8,0.0,0.0,True,0.9400826446280992,0.2379717050830893,0.6342975206611571,0.0570359454775322,51.003741908286365,0.280430359680717,0.6342975206611571,0.6732531713034814,29.436139004378152,0.1452927793892066
90,0.45,coverage-critical,202,94702,Random,True,5.8,3,4.8,1.0,0.2083333333333333,False,0.9400826446280992,0.2379717050830893,0.6342975206611571,0.0570359454775322,51.003741908286365,0.280430359680717,0.6363636363636364,0.6733007882216405,29.434472412242584,0.1449008599471973
90,0.45,coverage-critical,303,94803,CC-Exact,True,7.65,4,7.65,0.0,0.0,True,0.9380165289256198,0.2788052065088275,0.6714876033057852,0.140433156014868,48.08483953947962,0.225304299927421,0.7148760330578512,0.630903235159599,35.15368088706109,0.1658048446736908
90,0.45,coverage-critical,303,94803,Greedy,True,7.65,4,7.65,0.0,0.0,True,0.9380165289256198,0.2788052065088275,0.6714876033057852,0.140433156014868,48.08483953947962,0.225304299927421,0.7148760330578512,0.630903235159599,35.15368088706109,0.1658048446736908
90,0.45,coverage-critical,303,94803,GA,True,7.65,4,7.65,0.0,0.0,True,0.9380165289256198,0.2788052065088275,0.6714876033057852,0.140433156014868,48.08483953947962,0.225304299927421,0.7148760330578512,0.630903235159599,35.15368088706109,0.1658048446736908
90,0.45,coverage-critical,303,94803,PSO,True,7.65,4,7.65,0.0,0.0,True,0.9380165289256198,0.2788052065088275,0.6714876033057852,0.140433156014868,48.08483953947962,0.225304299927421,0.7148760330578512,0.630903235159599,35.15368088706109,0.1658048446736908
90,0.45,coverage-critical,303,94803,NSGA-II,True,7.65,4,7.65,0.0,0.0,True,0.9380165289256198,0.2788052065088275,0.6714876033057852,0.140433156014868,48.08483953947962,0.225304299927421,0.7148760330578512,0.630903235159599,35.15368088706109,0.1658048446736908
90,0.45,coverage-critical,303,94803,Random,True,7.65,4,7.65,0.0,0.0,True,0.9380165289256198,0.2788052065088275,0.6714876033057852,0.140433156014868,48.08483953947962,0.225304299927421,0.7148760330578512,0.630903235159599,35.15368088706109,0.1658048446736908
